algorithm,map,best_max_speed,avg_lap_time_at_best,all_speeds_tested,pass_fail_summary
GapFollowPurePursuit,Austin,FAIL,,"{3.0: 'FAIL 0.00s', 3.5: 'FAIL 0.00s', 4.0: 'FAIL 0.00s', 4.5: 'FAIL 0.00s', 5.0: 'FAIL 0.00s', 5.5: 'FAIL 0.00s', 6.0: 'FAIL 0.00s', 6.5: 'FAIL 0.00s', 7.0: 'FAIL 0.00s', 7.5: 'FAIL 0.00s', 8.0: 'FAIL 0.00s', 8.5: 'FAIL 0.00s', 9.0: 'FAIL 0.00s', 9.5: 'FAIL 0.00s', 10.0: 'FAIL 0.00s', 10.5: 'FAIL 0.00s', 11.0: 'FAIL 0.00s', 11.5: 'FAIL 0.00s', 12.0: 'FAIL 0.00s', 12.5: 'FAIL 0.00s', 13.0: 'FAIL 0.00s', 13.5: 'FAIL 0.00s', 14.0: 'FAIL 0.00s', 14.5: 'FAIL 0.00s', 15.0: 'FAIL 0.00s', 15.5: 'FAIL 0.00s', 16.0: 'FAIL 0.00s', 16.5: 'FAIL 0.00s', 17.0: 'FAIL 0.00s', 17.5: 'FAIL 0.00s', 18.0: 'FAIL 0.00s', 18.5: 'FAIL 0.00s', 19.0: 'FAIL 0.00s', 19.5: 'FAIL 0.00s', 20.0: 'FAIL 0.00s'}","{3.0: 'FAIL', 3.5: 'FAIL', 4.0: 'FAIL', 4.5: 'FAIL', 5.0: 'FAIL', 5.5: 'FAIL', 6.0: 'FAIL', 6.5: 'FAIL', 7.0: 'FAIL', 7.5: 'FAIL', 8.0: 'FAIL', 8.5: 'FAIL', 9.0: 'FAIL', 9.5: 'FAIL', 10.0: 'FAIL', 10.5: 'FAIL', 11.0: 'FAIL', 11.5: 'FAIL', 12.0: 'FAIL', 12.5: 'FAIL', 13.0: 'FAIL', 13.5: 'FAIL', 14.0: 'FAIL', 14.5: 'FAIL', 15.0: 'FAIL', 15.5: 'FAIL', 16.0: 'FAIL', 16.5: 'FAIL', 17.0: 'FAIL', 17.5: 'FAIL', 18.0: 'FAIL', 18.5: 'FAIL', 19.0: 'FAIL', 19.5: 'FAIL', 20.0: 'FAIL'}"
GapFollowPurePursuit,BrandsHatch,11.0,48.003,"{3.0: 'FAIL 0.00s', 3.5: 'FAIL 0.00s', 4.0: 'FAIL 0.00s', 4.5: 'FAIL 0.00s', 5.0: 'FAIL 0.00s', 5.5: 'PASS 65.74s', 6.0: 'PASS 61.12s', 6.5: 'PASS 57.65s', 7.0: 'PASS 55.25s', 7.5: 'PASS 53.49s', 8.0: 'PASS 52.11s', 8.5: 'PASS 51.03s', 9.0: 'PASS 50.14s', 9.5: 'PASS 49.43s', 10.0: 'PASS 48.84s', 10.5: 'PASS 48.37s', 11.0: 'PASS 48.00s', 11.5: 'FAIL 0.00s', 12.0: 'FAIL 0.00s', 12.5: 'FAIL 0.00s', 13.0: 'FAIL 0.00s', 13.5: 'FAIL 0.00s', 14.0: 'FAIL 0.00s', 14.5: 'FAIL 0.00s', 15.0: 'FAIL 0.00s', 15.5: 'FAIL 0.00s', 16.0: 'FAIL 0.00s', 16.5: 'FAIL 0.00s', 17.0: 'FAIL 0.00s', 17.5: 'FAIL 0.00s', 18.0: 'FAIL 0.00s', 18.5: 'FAIL 0.00s', 19.0: 'FAIL 0.00s', 19.5: 'FAIL 0.00s', 20.0: 'FAIL 0.00s'}","{3.0: 'FAIL', 3.5: 'FAIL', 4.0: 'FAIL', 4.5: 'FAIL', 5.0: 'FAIL', 5.5: 'PASS', 6.0: 'PASS', 6.5: 'PASS', 7.0: 'PASS', 7.5: 'PASS', 8.0: 'PASS', 8.5: 'PASS', 9.0: 'PASS', 9.5: 'PASS', 10.0: 'PASS', 10.5: 'PASS', 11.0: 'PASS', 11.5: 'FAIL', 12.0: 'FAIL', 12.5: 'FAIL', 13.0: 'FAIL', 13.5: 'FAIL', 14.0: 'FAIL', 14.5: 'FAIL', 15.0: 'FAIL', 15.5: 'FAIL', 16.0: 'FAIL', 16.5: 'FAIL', 17.0: 'FAIL', 17.5: 'FAIL', 18.0: 'FAIL', 18.5: 'FAIL', 19.0: 'FAIL', 19.5: 'FAIL', 20.0: 'FAIL'}"
GapFollowPurePursuit,Budapest,12.0,57.540,"{3.0: 'FAIL 0.00s', 3.5: 'FAIL 0.00s', 4.0: 'FAIL 0.00s', 4.5: 'FAIL 0.00s', 5.0: 'FAIL 0.00s', 5.5: 'FAIL 0.00s', 6.0: 'FAIL 0.00s', 6.5: 'PASS 68.04s', 7.0: 'PASS 65.70s', 7.5: 'PASS 63.91s', 8.0: 'PASS 62.48s', 8.5: 'PASS 61.31s', 9.0: 'PASS 60.37s', 9.5: 'PASS 59.58s', 10.0: 'PASS 58.95s', 10.5: 'PASS 58.43s', 11.0: 'PASS 58.00s', 11.5: 'FAIL 0.00s', 12.0: 'PASS 57.54s', 12.5: 'FAIL 0.00s', 13.0: 'FAIL 0.00s', 13.5: 'FAIL 0.00s', 14.0: 'FAIL 0.00s', 14.5: 'FAIL 0.00s', 15.0: 'FAIL 0.00s', 15.5: 'FAIL 0.00s', 16.0: 'FAIL 0.00s', 16.5: 'FAIL 0.00s', 17.0: 'FAIL 0.00s', 17.5: 'FAIL 0.00s', 18.0: 'FAIL 0.00s', 18.5: 'FAIL 0.00s', 19.0: 'FAIL 0.00s', 19.5: 'FAIL 0.00s', 20.0: 'FAIL 0.00s'}","{3.0: 'FAIL', 3.5: 'FAIL', 4.0: 'FAIL', 4.5: 'FAIL', 5.0: 'FAIL', 5.5: 'FAIL', 6.0: 'FAIL', 6.5: 'PASS', 7.0: 'PASS', 7.5: 'PASS', 8.0: 'PASS', 8.5: 'PASS', 9.0: 'PASS', 9.5: 'PASS', 10.0: 'PASS', 10.5: 'PASS', 11.0: 'PASS', 11.5: 'FAIL', 12.0: 'PASS', 12.5: 'FAIL', 13.0: 'FAIL', 13.5: 'FAIL', 14.0: 'FAIL', 14.5: 'FAIL', 15.0: 'FAIL', 15.5: 'FAIL', 16.0: 'FAIL', 16.5: 'FAIL', 17.0: 'FAIL', 17.5: 'FAIL', 18.0: 'FAIL', 18.5: 'FAIL', 19.0: 'FAIL', 19.5: 'FAIL', 20.0: 'FAIL'}"
GapFollowPurePursuit,Catalunya,11.5,58.627,"{3.0: 'FAIL 0.00s', 3.5: 'FAIL 0.00s', 4.0: 'FAIL 0.00s', 4.5: 'FAIL 0.00s', 5.0: 'FAIL 0.00s', 5.5: 'FAIL 0.00s', 6.0: 'FAIL 0.00s', 6.5: 'PASS 69.80s', 7.0: 'PASS 67.30s', 7.5: 'PASS 65.36s', 8.0: 'PASS 63.79s', 8.5: 'PASS 62.52s', 9.0: 'PASS 61.49s', 9.5: 'PASS 60.67s', 10.0: 'PASS 59.98s', 10.5: 'PASS 59.40s', 11.0: 'PASS 58.93s', 11.5: 'PASS 58.63s', 12.0: 'FAIL 0.00s', 12.5: 'FAIL 0.00s', 13.0: 'FAIL 0.00s', 13.5: 'FAIL 0.00s', 14.0: 'FAIL 0.00s', 14.5: 'FAIL 0.00s', 15.0: 'FAIL 0.00s', 15.5: 'FAIL 0.00s', 16.0: 'FAIL 0.00s', 16.5: 'FAIL 0.00s', 17.0: 'FAIL 0.00s', 17.5: 'FAIL 0.00s', 18.0: 'FAIL 0.00s', 18.5: 'FAIL 0.00s', 19.0: 'FAIL 0.00s', 19.5: 'FAIL 0.00s', 20.0: 'FAIL 0.00s'}","{3.0: 'FAIL', 3.5: 'FAIL', 4.0: 'FAIL', 4.5: 'FAIL', 5.0: 'FAIL', 5.5: 'FAIL', 6.0: 'FAIL', 6.5: 'PASS', 7.0: 'PASS', 7.5: 'PASS', 8.0: 'PASS', 8.5: 'PASS', 9.0: 'PASS', 9.5: 'PASS', 10.0: 'PASS', 10.5: 'PASS', 11.0: 'PASS', 11.5: 'PASS', 12.0: 'FAIL', 12.5: 'FAIL', 13.0: 'FAIL', 13.5: 'FAIL', 14.0: 'FAIL', 14.5: 'FAIL', 15.0: 'FAIL', 15.5: 'FAIL', 16.0: 'FAIL', 16.5: 'FAIL', 17.0: 'FAIL', 17.5: 'FAIL', 18.0: 'FAIL', 18.5: 'FAIL', 19.0: 'FAIL', 19.5: 'FAIL', 20.0: 'FAIL'}"
GapFollowPurePursuit,Hockenheim,11.0,50.003,"{3.0: 'FAIL 0.00s', 3.5: 'FAIL 0.00s', 4.0: 'FAIL 0.00s', 4.5: 'FAIL 0.00s', 5.0: 'FAIL 0.00s', 5.5: 'PASS 68.45s', 6.0: 'PASS 64.29s', 6.5: 'PASS 61.01s', 7.0: 'PASS 58.55s', 7.5: 'PASS 56.62s', 8.0: 'PASS 55.04s', 8.5: 'PASS 53.73s', 9.0: 'PASS 52.63s', 9.5: 'PASS 51.69s', 10.0: 'PASS 50.91s', 10.5: 'PASS 50.24s', 11.0: 'PASS 50.00s', 11.5: 'FAIL 0.00s', 12.0: 'FAIL 0.00s', 12.5: 'FAIL 0.00s', 13.0: 'FAIL 0.00s', 13.5: 'FAIL 0.00s', 14.0: 'FAIL 0.00s', 14.5: 'FAIL 0.00s', 15.0: 'FAIL 0.00s', 15.5: 'FAIL 0.00s', 16.0: 'FAIL 0.00s', 16.5: 'FAIL 0.00s', 17.0: 'FAIL 0.00s', 17.5: 'FAIL 0.00s', 18.0: 'FAIL 0.00s', 18.5: 'FAIL 0.00s', 19.0: 'FAIL 0.00s', 19.5: 'FAIL 0.00s', 20.0: 'FAIL 0.00s'}","{3.0: 'FAIL', 3.5: 'FAIL', 4.0: 'FAIL', 4.5: 'FAIL', 5.0: 'FAIL', 5.5: 'PASS', 6.0: 'PASS', 6.5: 'PASS', 7.0: 'PASS', 7.5: 'PASS', 8.0: 'PASS', 8.5: 'PASS', 9.0: 'PASS', 9.5: 'PASS', 10.0: 'PASS', 10.5: 'PASS', 11.0: 'PASS', 11.5: 'FAIL', 12.0: 'FAIL', 12.5: 'FAIL', 13.0: 'FAIL', 13.5: 'FAIL', 14.0: 'FAIL', 14.5: 'FAIL', 15.0: 'FAIL', 15.5: 'FAIL', 16.0: 'FAIL', 16.5: 'FAIL', 17.0: 'FAIL', 17.5: 'FAIL', 18.0: 'FAIL', 18.5: 'FAIL', 19.0: 'FAIL', 19.5: 'FAIL', 20.0: 'FAIL'}"
GapFollowPurePursuit,IMS,8.5,36.173,"{3.0: 'FAIL 0.00s', 3.5: 'FAIL 0.00s', 4.0: 'FAIL 0.00s', 4.5: 'PASS 64.72s', 5.0: 'PASS 58.27s', 5.5: 'PASS 53.00s', 6.0: 'PASS 48.62s', 6.5: 'PASS 44.92s', 7.0: 'PASS 41.82s', 7.5: 'PASS 39.50s', 8.0: 'PASS 37.65s', 8.5: 'PASS 36.17s', 9.0: 'FAIL 0.00s', 9.5: 'FAIL 0.00s', 10.0: 'FAIL 0.00s', 10.5: 'FAIL 0.00s', 11.0: 'FAIL 0.00s', 11.5: 'FAIL 0.00s', 12.0: 'FAIL 0.00s', 12.5: 'FAIL 0.00s', 13.0: 'FAIL 0.00s', 13.5: 'FAIL 0.00s', 14.0: 'FAIL 0.00s', 14.5: 'FAIL 0.00s', 15.0: 'FAIL 0.00s', 15.5: 'FAIL 0.00s', 16.0: 'FAIL 0.00s', 16.5: 'FAIL 0.00s', 17.0: 'FAIL 0.00s', 17.5: 'FAIL 0.00s', 18.0: 'FAIL 0.00s', 18.5: 'FAIL 0.00s', 19.0: 'FAIL 0.00s', 19.5: 'FAIL 0.00s', 20.0: 'FAIL 0.00s'}","{3.0: 'FAIL', 3.5: 'FAIL', 4.0: 'FAIL', 4.5: 'PASS', 5.0: 'PASS', 5.5: 'PASS', 6.0: 'PASS', 6.5: 'PASS', 7.0: 'PASS', 7.5: 'PASS', 8.0: 'PASS', 8.5: 'PASS', 9.0: 'FAIL', 9.5: 'FAIL', 10.0: 'FAIL', 10.5: 'FAIL', 11.0: 'FAIL', 11.5: 'FAIL', 12.0: 'FAIL', 12.5: 'FAIL', 13.0: 'FAIL', 13.5: 'FAIL', 14.0: 'FAIL', 14.5: 'FAIL', 15.0: 'FAIL', 15.5: 'FAIL', 16.0: 'FAIL', 16.5: 'FAIL', 17.0: 'FAIL', 17.5: 'FAIL', 18.0: 'FAIL', 18.5: 'FAIL', 19.0: 'FAIL', 19.5: 'FAIL', 20.0: 'FAIL'}"
GapFollowPurePursuit,Melbourne,11.0,60.557,"{3.0: 'FAIL 0.00s', 3.5: 'FAIL 0.00s', 4.0: 'FAIL 0.00s', 4.5: 'FAIL 0.00s', 5.0: 'FAIL 0.00s', 5.5: 'FAIL 0.00s', 6.0: 'FAIL 0.00s', 6.5: 'FAIL 0.00s', 7.0: 'FAIL 0.00s', 7.5: 'FAIL 0.00s', 8.0: 'PASS 67.75s', 8.5: 'PASS 65.87s', 9.0: 'PASS 64.30s', 9.5: 'PASS 62.99s', 10.0: 'PASS 61.92s', 10.5: 'PASS 61.08s', 11.0: 'PASS 60.56s', 11.5: 'FAIL 0.00s', 12.0: 'FAIL 0.00s', 12.5: 'FAIL 0.00s', 13.0: 'FAIL 0.00s', 13.5: 'FAIL 0.00s', 14.0: 'FAIL 0.00s', 14.5: 'FAIL 0.00s', 15.0: 'FAIL 0.00s', 15.5: 'FAIL 0.00s', 16.0: 'FAIL 0.00s', 16.5: 'FAIL 0.00s', 17.0: 'FAIL 0.00s', 17.5: 'FAIL 0.00s', 18.0: 'FAIL 0.00s', 18.5: 'FAIL 0.00s', 19.0: 'FAIL 0.00s', 19.5: 'FAIL 0.00s', 20.0: 'FAIL 0.00s'}","{3.0: 'FAIL', 3.5: 'FAIL', 4.0: 'FAIL', 4.5: 'FAIL', 5.0: 'FAIL', 5.5: 'FAIL', 6.0: 'FAIL', 6.5: 'FAIL', 7.0: 'FAIL', 7.5: 'FAIL', 8.0: 'PASS', 8.5: 'PASS', 9.0: 'PASS', 9.5: 'PASS', 10.0: 'PASS', 10.5: 'PASS', 11.0: 'PASS', 11.5: 'FAIL', 12.0: 'FAIL', 12.5: 'FAIL', 13.0: 'FAIL', 13.5: 'FAIL', 14.0: 'FAIL', 14.5: 'FAIL', 15.0: 'FAIL', 15.5: 'FAIL', 16.0: 'FAIL', 16.5: 'FAIL', 17.0: 'FAIL', 17.5: 'FAIL', 18.0: 'FAIL', 18.5: 'FAIL', 19.0: 'FAIL', 19.5: 'FAIL', 20.0: 'FAIL'}"
GapFollowPurePursuit,MexicoCity,10.0,50.540,"{3.0: 'FAIL 0.00s', 3.5: 'FAIL 0.00s', 4.0: 'FAIL 0.00s', 4.5: 'FAIL 0.00s', 5.0: 'FAIL 0.00s', 5.5: 'PASS 67.81s', 6.0: 'PASS 63.76s', 6.5: 'PASS 60.58s', 7.0: 'PASS 58.16s', 7.5: 'PASS 56.24s', 8.0: 'PASS 54.65s', 8.5: 'PASS 53.34s', 9.0: 'PASS 52.25s', 9.5: 'PASS 51.33s', 10.0: 'PASS 50.54s', 10.5: 'FAIL 0.00s', 11.0: 'FAIL 0.00s', 11.5: 'FAIL 0.00s', 12.0: 'FAIL 0.00s', 12.5: 'FAIL 0.00s', 13.0: 'FAIL 0.00s', 13.5: 'FAIL 0.00s', 14.0: 'FAIL 0.00s', 14.5: 'FAIL 0.00s', 15.0: 'FAIL 0.00s', 15.5: 'FAIL 0.00s', 16.0: 'FAIL 0.00s', 16.5: 'FAIL 0.00s', 17.0: 'FAIL 0.00s', 17.5: 'FAIL 0.00s', 18.0: 'FAIL 0.00s', 18.5: 'FAIL 0.00s', 19.0: 'FAIL 0.00s', 19.5: 'FAIL 0.00s', 20.0: 'FAIL 0.00s'}","{3.0: 'FAIL', 3.5: 'FAIL', 4.0: 'FAIL', 4.5: 'FAIL', 5.0: 'FAIL', 5.5: 'PASS', 6.0: 'PASS', 6.5: 'PASS', 7.0: 'PASS', 7.5: 'PASS', 8.0: 'PASS', 8.5: 'PASS', 9.0: 'PASS', 9.5: 'PASS', 10.0: 'PASS', 10.5: 'FAIL', 11.0: 'FAIL', 11.5: 'FAIL', 12.0: 'FAIL', 12.5: 'FAIL', 13.0: 'FAIL', 13.5: 'FAIL', 14.0: 'FAIL', 14.5: 'FAIL', 15.0: 'FAIL', 15.5: 'FAIL', 16.0: 'FAIL', 16.5: 'FAIL', 17.0: 'FAIL', 17.5: 'FAIL', 18.0: 'FAIL', 18.5: 'FAIL', 19.0: 'FAIL', 19.5: 'FAIL', 20.0: 'FAIL'}"
GapFollowPurePursuit,Monza,7.0,65.623,"{3.0: 'FAIL 0.00s', 3.5: 'FAIL 0.00s', 4.0: 'FAIL 0.00s', 4.5: 'FAIL 0.00s', 5.0: 'FAIL 0.00s', 5.5: 'FAIL 0.00s', 6.0: 'FAIL 0.00s', 6.5: 'FAIL 0.00s', 7.0: 'PASS 65.62s', 7.5: 'FAIL 0.00s', 8.0: 'FAIL 0.00s', 8.5: 'FAIL 0.00s', 9.0: 'FAIL 0.00s', 9.5: 'FAIL 0.00s', 10.0: 'FAIL 0.00s', 10.5: 'FAIL 0.00s', 11.0: 'FAIL 0.00s', 11.5: 'FAIL 0.00s', 12.0: 'FAIL 0.00s', 12.5: 'FAIL 0.00s', 13.0: 'FAIL 0.00s', 13.5: 'FAIL 0.00s', 14.0: 'FAIL 0.00s', 14.5: 'FAIL 0.00s', 15.0: 'FAIL 0.00s', 15.5: 'FAIL 0.00s', 16.0: 'FAIL 0.00s', 16.5: 'FAIL 0.00s', 17.0: 'FAIL 0.00s', 17.5: 'FAIL 0.00s', 18.0: 'FAIL 0.00s', 18.5: 'FAIL 0.00s', 19.0: 'FAIL 0.00s', 19.5: 'FAIL 0.00s', 20.0: 'FAIL 0.00s'}","{3.0: 'FAIL', 3.5: 'FAIL', 4.0: 'FAIL', 4.5: 'FAIL', 5.0: 'FAIL', 5.5: 'FAIL', 6.0: 'FAIL', 6.5: 'FAIL', 7.0: 'PASS', 7.5: 'FAIL', 8.0: 'FAIL', 8.5: 'FAIL', 9.0: 'FAIL', 9.5: 'FAIL', 10.0: 'FAIL', 10.5: 'FAIL', 11.0: 'FAIL', 11.5: 'FAIL', 12.0: 'FAIL', 12.5: 'FAIL', 13.0: 'FAIL', 13.5: 'FAIL', 14.0: 'FAIL', 14.5: 'FAIL', 15.0: 'FAIL', 15.5: 'FAIL', 16.0: 'FAIL', 16.5: 'FAIL', 17.0: 'FAIL', 17.5: 'FAIL', 18.0: 'FAIL', 18.5: 'FAIL', 19.0: 'FAIL', 19.5: 'FAIL', 20.0: 'FAIL'}"
GapFollowPurePursuit,MoscowRaceway,13.0,50.150,"{3.0: 'FAIL 0.00s', 3.5: 'FAIL 0.00s', 4.0: 'FAIL 0.00s', 4.5: 'FAIL 0.00s', 5.0: 'PASS 67.45s', 5.5: 'PASS 63.43s', 6.0: 'PASS 60.28s', 6.5: 'PASS 57.88s', 7.0: 'PASS 56.15s', 7.5: 'PASS 54.81s', 8.0: 'PASS 53.74s', 8.5: 'PASS 52.86s', 9.0: 'PASS 52.13s', 9.5: 'PASS 51.50s', 10.0: 'PASS 50.97s', 10.5: 'PASS 50.53s', 11.0: 'PASS 50.23s', 11.5: 'PASS 49.93s', 12.0: 'PASS 49.76s', 12.5: 'FAIL 0.00s', 13.0: 'PASS 50.15s', 13.5: 'FAIL 0.00s', 14.0: 'FAIL 0.00s', 14.5: 'FAIL 0.00s', 15.0: 'FAIL 0.00s', 15.5: 'FAIL 0.00s', 16.0: 'FAIL 0.00s', 16.5: 'FAIL 0.00s', 17.0: 'FAIL 0.00s', 17.5: 'FAIL 0.00s', 18.0: 'FAIL 0.00s', 18.5: 'FAIL 0.00s', 19.0: 'FAIL 0.00s', 19.5: 'FAIL 0.00s', 20.0: 'FAIL 0.00s'}","{3.0: 'FAIL', 3.5: 'FAIL', 4.0: 'FAIL', 4.5: 'FAIL', 5.0: 'PASS', 5.5: 'PASS', 6.0: 'PASS', 6.5: 'PASS', 7.0: 'PASS', 7.5: 'PASS', 8.0: 'PASS', 8.5: 'PASS', 9.0: 'PASS', 9.5: 'PASS', 10.0: 'PASS', 10.5: 'PASS', 11.0: 'PASS', 11.5: 'PASS', 12.0: 'PASS', 12.5: 'FAIL', 13.0: 'PASS', 13.5: 'FAIL', 14.0: 'FAIL', 14.5: 'FAIL', 15.0: 'FAIL', 15.5: 'FAIL', 16.0: 'FAIL', 16.5: 'FAIL', 17.0: 'FAIL', 17.5: 'FAIL', 18.0: 'FAIL', 18.5: 'FAIL', 19.0: 'FAIL', 19.5: 'FAIL', 20.0: 'FAIL'}"
GapFollowPurePursuit,Nuerburgring,11.0,61.597,"{3.0: 'FAIL 0.00s', 3.5: 'FAIL 0.00s', 4.0: 'FAIL 0.00s', 4.5: 'FAIL 0.00s', 5.0: 'FAIL 0.00s', 5.5: 'FAIL 0.00s', 6.0: 'FAIL 0.00s', 6.5: 'FAIL 0.00s', 7.0: 'FAIL 0.00s', 7.5: 'FAIL 0.00s', 8.0: 'PASS 68.25s', 8.5: 'PASS 66.54s', 9.0: 'PASS 65.14s', 9.5: 'PASS 63.95s', 10.0: 'PASS 62.98s', 10.5: 'PASS 62.16s', 11.0: 'PASS 61.60s', 11.5: 'FAIL 0.00s', 12.0: 'FAIL 0.00s', 12.5: 'FAIL 0.00s', 13.0: 'FAIL 0.00s', 13.5: 'FAIL 0.00s', 14.0: 'FAIL 0.00s', 14.5: 'FAIL 0.00s', 15.0: 'FAIL 0.00s', 15.5: 'FAIL 0.00s', 16.0: 'FAIL 0.00s', 16.5: 'FAIL 0.00s', 17.0: 'FAIL 0.00s', 17.5: 'FAIL 0.00s', 18.0: 'FAIL 0.00s', 18.5: 'FAIL 0.00s', 19.0: 'FAIL 0.00s', 19.5: 'FAIL 0.00s', 20.0: 'FAIL 0.00s'}","{3.0: 'FAIL', 3.5: 'FAIL', 4.0: 'FAIL', 4.5: 'FAIL', 5.0: 'FAIL', 5.5: 'FAIL', 6.0: 'FAIL', 6.5: 'FAIL', 7.0: 'FAIL', 7.5: 'FAIL', 8.0: 'PASS', 8.5: 'PASS', 9.0: 'PASS', 9.5: 'PASS', 10.0: 'PASS', 10.5: 'PASS', 11.0: 'PASS', 11.5: 'FAIL', 12.0: 'FAIL', 12.5: 'FAIL', 13.0: 'FAIL', 13.5: 'FAIL', 14.0: 'FAIL', 14.5: 'FAIL', 15.0: 'FAIL', 15.5: 'FAIL', 16.0: 'FAIL', 16.5: 'FAIL', 17.0: 'FAIL', 17.5: 'FAIL', 18.0: 'FAIL', 18.5: 'FAIL', 19.0: 'FAIL', 19.5: 'FAIL', 20.0: 'FAIL'}"
GapFollowPurePursuit,Oschersleben,10.0,40.837,"{3.0: 'FAIL 0.00s', 3.5: 'FAIL 0.00s', 4.0: 'PASS 64.34s', 4.5: 'PASS 58.23s', 5.0: 'PASS 53.67s', 5.5: 'PASS 50.20s', 6.0: 'PASS 47.56s', 6.5: 'PASS 45.65s', 7.0: 'PASS 44.32s', 7.5: 'PASS 43.34s', 8.0: 'PASS 42.56s', 8.5: 'PASS 41.97s', 9.0: 'FAIL 0.00s', 9.5: 'PASS 41.20s', 10.0: 'PASS 40.84s', 10.5: 'FAIL 0.00s', 11.0: 'FAIL 0.00s', 11.5: 'FAIL 0.00s', 12.0: 'FAIL 0.00s', 12.5: 'FAIL 0.00s', 13.0: 'FAIL 0.00s', 13.5: 'FAIL 0.00s', 14.0: 'FAIL 0.00s', 14.5: 'FAIL 0.00s', 15.0: 'FAIL 0.00s', 15.5: 'FAIL 0.00s', 16.0: 'FAIL 0.00s', 16.5: 'FAIL 0.00s', 17.0: 'FAIL 0.00s', 17.5: 'FAIL 0.00s', 18.0: 'FAIL 0.00s', 18.5: 'FAIL 0.00s', 19.0: 'FAIL 0.00s', 19.5: 'FAIL 0.00s', 20.0: 'FAIL 0.00s'}","{3.0: 'FAIL', 3.5: 'FAIL', 4.0: 'PASS', 4.5: 'PASS', 5.0: 'PASS', 5.5: 'PASS', 6.0: 'PASS', 6.5: 'PASS', 7.0: 'PASS', 7.5: 'PASS', 8.0: 'PASS', 8.5: 'PASS', 9.0: 'FAIL', 9.5: 'PASS', 10.0: 'PASS', 10.5: 'FAIL', 11.0: 'FAIL', 11.5: 'FAIL', 12.0: 'FAIL', 12.5: 'FAIL', 13.0: 'FAIL', 13.5: 'FAIL', 14.0: 'FAIL', 14.5: 'FAIL', 15.0: 'FAIL', 15.5: 'FAIL', 16.0: 'FAIL', 16.5: 'FAIL', 17.0: 'FAIL', 17.5: 'FAIL', 18.0: 'FAIL', 18.5: 'FAIL', 19.0: 'FAIL', 19.5: 'FAIL', 20.0: 'FAIL'}"
GapFollowPurePursuit,Sakhir,10.5,60.240,"{3.0: 'FAIL 0.00s', 3.5: 'FAIL 0.00s', 4.0: 'FAIL 0.00s', 4.5: 'FAIL 0.00s', 5.0: 'FAIL 0.00s', 5.5: 'FAIL 0.00s', 6.0: 'FAIL 0.00s', 6.5: 'FAIL 0.00s', 7.0: 'FAIL 0.00s', 7.5: 'PASS 68.99s', 8.0: 'PASS 66.85s', 8.5: 'PASS 65.03s', 9.0: 'PASS 63.49s', 9.5: 'PASS 62.20s', 10.0: 'PASS 61.09s', 10.5: 'PASS 60.24s', 11.0: 'FAIL 0.00s', 11.5: 'FAIL 0.00s', 12.0: 'FAIL 0.00s', 12.5: 'FAIL 0.00s', 13.0: 'FAIL 0.00s', 13.5: 'FAIL 0.00s', 14.0: 'FAIL 0.00s', 14.5: 'FAIL 0.00s', 15.0: 'FAIL 0.00s', 15.5: 'FAIL 0.00s', 16.0: 'FAIL 0.00s', 16.5: 'FAIL 0.00s', 17.0: 'FAIL 0.00s', 17.5: 'FAIL 0.00s', 18.0: 'FAIL 0.00s', 18.5: 'FAIL 0.00s', 19.0: 'FAIL 0.00s', 19.5: 'FAIL 0.00s', 20.0: 'FAIL 0.00s'}","{3.0: 'FAIL', 3.5: 'FAIL', 4.0: 'FAIL', 4.5: 'FAIL', 5.0: 'FAIL', 5.5: 'FAIL', 6.0: 'FAIL', 6.5: 'FAIL', 7.0: 'FAIL', 7.5: 'PASS', 8.0: 'PASS', 8.5: 'PASS', 9.0: 'PASS', 9.5: 'PASS', 10.0: 'PASS', 10.5: 'PASS', 11.0: 'FAIL', 11.5: 'FAIL', 12.0: 'FAIL', 12.5: 'FAIL', 13.0: 'FAIL', 13.5: 'FAIL', 14.0: 'FAIL', 14.5: 'FAIL', 15.0: 'FAIL', 15.5: 'FAIL', 16.0: 'FAIL', 16.5: 'FAIL', 17.0: 'FAIL', 17.5: 'FAIL', 18.0: 'FAIL', 18.5: 'FAIL', 19.0: 'FAIL', 19.5: 'FAIL', 20.0: 'FAIL'}"
GapFollowPurePursuit,SaoPaulo,12.5,49.990,"{3.0: 'FAIL 0.00s', 3.5: 'FAIL 0.00s', 4.0: 'FAIL 0.00s', 4.5: 'FAIL 0.00s', 5.0: 'FAIL 0.00s', 5.5: 'PASS 65.35s', 6.0: 'PASS 61.63s', 6.5: 'PASS 58.86s', 7.0: 'PASS 56.87s', 7.5: 'PASS 55.31s', 8.0: 'PASS 54.08s', 8.5: 'PASS 53.15s', 9.0: 'PASS 52.39s', 9.5: 'PASS 51.74s', 10.0: 'PASS 51.21s', 10.5: 'PASS 50.77s', 11.0: 'PASS 50.40s', 11.5: 'FAIL 0.00s', 12.0: 'FAIL 0.00s', 12.5: 'PASS 49.99s', 13.0: 'FAIL 0.00s', 13.5: 'FAIL 0.00s', 14.0: 'FAIL 0.00s', 14.5: 'FAIL 0.00s', 15.0: 'FAIL 0.00s', 15.5: 'FAIL 0.00s', 16.0: 'FAIL 0.00s', 16.5: 'FAIL 0.00s', 17.0: 'FAIL 0.00s', 17.5: 'FAIL 0.00s', 18.0: 'FAIL 0.00s', 18.5: 'FAIL 0.00s', 19.0: 'FAIL 0.00s', 19.5: 'FAIL 0.00s', 20.0: 'FAIL 0.00s'}","{3.0: 'FAIL', 3.5: 'FAIL', 4.0: 'FAIL', 4.5: 'FAIL', 5.0: 'FAIL', 5.5: 'PASS', 6.0: 'PASS', 6.5: 'PASS', 7.0: 'PASS', 7.5: 'PASS', 8.0: 'PASS', 8.5: 'PASS', 9.0: 'PASS', 9.5: 'PASS', 10.0: 'PASS', 10.5: 'PASS', 11.0: 'PASS', 11.5: 'FAIL', 12.0: 'FAIL', 12.5: 'PASS', 13.0: 'FAIL', 13.5: 'FAIL', 14.0: 'FAIL', 14.5: 'FAIL', 15.0: 'FAIL', 15.5: 'FAIL', 16.0: 'FAIL', 16.5: 'FAIL', 17.0: 'FAIL', 17.5: 'FAIL', 18.0: 'FAIL', 18.5: 'FAIL', 19.0: 'FAIL', 19.5: 'FAIL', 20.0: 'FAIL'}"
GapFollowPurePursuit,Sepang,11.0,67.863,"{3.0: 'FAIL 0.00s', 3.5: 'FAIL 0.00s', 4.0: 'FAIL 0.00s', 4.5: 'FAIL 0.00s', 5.0: 'FAIL 0.00s', 5.5: 'FAIL 0.00s', 6.0: 'FAIL 0.00s', 6.5: 'FAIL 0.00s', 7.0: 'FAIL 0.00s', 7.5: 'FAIL 0.00s', 8.0: 'FAIL 0.00s', 8.5: 'FAIL 0.00s', 9.0: 'FAIL 0.00s', 9.5: 'FAIL 0.00s', 10.0: 'PASS 69.47s', 10.5: 'PASS 68.60s', 11.0: 'PASS 67.86s', 11.5: 'FAIL 0.00s', 12.0: 'FAIL 0.00s', 12.5: 'FAIL 0.00s', 13.0: 'FAIL 0.00s', 13.5: 'FAIL 0.00s', 14.0: 'FAIL 0.00s', 14.5: 'FAIL 0.00s', 15.0: 'FAIL 0.00s', 15.5: 'FAIL 0.00s', 16.0: 'FAIL 0.00s', 16.5: 'FAIL 0.00s', 17.0: 'FAIL 0.00s', 17.5: 'FAIL 0.00s', 18.0: 'FAIL 0.00s', 18.5: 'FAIL 0.00s', 19.0: 'FAIL 0.00s', 19.5: 'FAIL 0.00s', 20.0: 'FAIL 0.00s'}","{3.0: 'FAIL', 3.5: 'FAIL', 4.0: 'FAIL', 4.5: 'FAIL', 5.0: 'FAIL', 5.5: 'FAIL', 6.0: 'FAIL', 6.5: 'FAIL', 7.0: 'FAIL', 7.5: 'FAIL', 8.0: 'FAIL', 8.5: 'FAIL', 9.0: 'FAIL', 9.5: 'FAIL', 10.0: 'PASS', 10.5: 'PASS', 11.0: 'PASS', 11.5: 'FAIL', 12.0: 'FAIL', 12.5: 'FAIL', 13.0: 'FAIL', 13.5: 'FAIL', 14.0: 'FAIL', 14.5: 'FAIL', 15.0: 'FAIL', 15.5: 'FAIL', 16.0: 'FAIL', 16.5: 'FAIL', 17.0: 'FAIL', 17.5: 'FAIL', 18.0: 'FAIL', 18.5: 'FAIL', 19.0: 'FAIL', 19.5: 'FAIL', 20.0: 'FAIL'}"
GapFollowPurePursuit,Silverstone,9.0,65.213,"{3.0: 'FAIL 0.00s', 3.5: 'FAIL 0.00s', 4.0: 'FAIL 0.00s', 4.5: 'FAIL 0.00s', 5.0: 'FAIL 0.00s', 5.5: 'FAIL 0.00s', 6.0: 'FAIL 0.00s', 6.5: 'FAIL 0.00s', 7.0: 'FAIL 0.00s', 7.5: 'PASS 69.93s', 8.0: 'PASS 67.90s', 8.5: 'PASS 66.31s', 9.0: 'PASS 65.21s', 9.5: 'FAIL 0.00s', 10.0: 'FAIL 0.00s', 10.5: 'FAIL 0.00s', 11.0: 'FAIL 0.00s', 11.5: 'FAIL 0.00s', 12.0: 'FAIL 0.00s', 12.5: 'FAIL 0.00s', 13.0: 'FAIL 0.00s', 13.5: 'FAIL 0.00s', 14.0: 'FAIL 0.00s', 14.5: 'FAIL 0.00s', 15.0: 'FAIL 0.00s', 15.5: 'FAIL 0.00s', 16.0: 'FAIL 0.00s', 16.5: 'FAIL 0.00s', 17.0: 'FAIL 0.00s', 17.5: 'FAIL 0.00s', 18.0: 'FAIL 0.00s', 18.5: 'FAIL 0.00s', 19.0: 'FAIL 0.00s', 19.5: 'FAIL 0.00s', 20.0: 'FAIL 0.00s'}","{3.0: 'FAIL', 3.5: 'FAIL', 4.0: 'FAIL', 4.5: 'FAIL', 5.0: 'FAIL', 5.5: 'FAIL', 6.0: 'FAIL', 6.5: 'FAIL', 7.0: 'FAIL', 7.5: 'PASS', 8.0: 'PASS', 8.5: 'PASS', 9.0: 'PASS', 9.5: 'FAIL', 10.0: 'FAIL', 10.5: 'FAIL', 11.0: 'FAIL', 11.5: 'FAIL', 12.0: 'FAIL', 12.5: 'FAIL', 13.0: 'FAIL', 13.5: 'FAIL', 14.0: 'FAIL', 14.5: 'FAIL', 15.0: 'FAIL', 15.5: 'FAIL', 16.0: 'FAIL', 16.5: 'FAIL', 17.0: 'FAIL', 17.5: 'FAIL', 18.0: 'FAIL', 18.5: 'FAIL', 19.0: 'FAIL', 19.5: 'FAIL', 20.0: 'FAIL'}"
GapFollowPurePursuit,Sochi,12.0,62.713,"{3.0: 'FAIL 0.00s', 3.5: 'FAIL 0.00s', 4.0: 'FAIL 0.00s', 4.5: 'FAIL 0.00s', 5.0: 'FAIL 0.00s', 5.5: 'FAIL 0.00s', 6.0: 'FAIL 0.00s', 6.5: 'FAIL 0.00s', 7.0: 'FAIL 0.00s', 7.5: 'FAIL 0.00s', 8.0: 'PASS 68.52s', 8.5: 'PASS 66.88s', 9.0: 'PASS 65.51s', 9.5: 'PASS 64.41s', 10.0: 'PASS 63.51s', 10.5: 'PASS 62.97s', 11.0: 'PASS 62.72s', 11.5: 'PASS 62.87s', 12.0: 'PASS 62.71s', 12.5: 'FAIL 0.00s', 13.0: 'FAIL 0.00s', 13.5: 'FAIL 0.00s', 14.0: 'FAIL 0.00s', 14.5: 'FAIL 0.00s', 15.0: 'FAIL 0.00s', 15.5: 'FAIL 0.00s', 16.0: 'FAIL 0.00s', 16.5: 'FAIL 0.00s', 17.0: 'FAIL 0.00s', 17.5: 'FAIL 0.00s', 18.0: 'FAIL 0.00s', 18.5: 'FAIL 0.00s', 19.0: 'FAIL 0.00s', 19.5: 'FAIL 0.00s', 20.0: 'FAIL 0.00s'}","{3.0: 'FAIL', 3.5: 'FAIL', 4.0: 'FAIL', 4.5: 'FAIL', 5.0: 'FAIL', 5.5: 'FAIL', 6.0: 'FAIL', 6.5: 'FAIL', 7.0: 'FAIL', 7.5: 'FAIL', 8.0: 'PASS', 8.5: 'PASS', 9.0: 'PASS', 9.5: 'PASS', 10.0: 'PASS', 10.5: 'PASS', 11.0: 'PASS', 11.5: 'PASS', 12.0: 'PASS', 12.5: 'FAIL', 13.0: 'FAIL', 13.5: 'FAIL', 14.0: 'FAIL', 14.5: 'FAIL', 15.0: 'FAIL', 15.5: 'FAIL', 16.0: 'FAIL', 16.5: 'FAIL', 17.0: 'FAIL', 17.5: 'FAIL', 18.0: 'FAIL', 18.5: 'FAIL', 19.0: 'FAIL', 19.5: 'FAIL', 20.0: 'FAIL'}"
GapFollowPurePursuit,Spa,FAIL,,"{3.0: 'FAIL 0.00s', 3.5: 'FAIL 0.00s', 4.0: 'FAIL 0.00s', 4.5: 'FAIL 0.00s', 5.0: 'FAIL 0.00s', 5.5: 'FAIL 0.00s', 6.0: 'FAIL 0.00s', 6.5: 'FAIL 0.00s', 7.0: 'FAIL 0.00s', 7.5: 'FAIL 0.00s', 8.0: 'FAIL 0.00s', 8.5: 'FAIL 0.00s', 9.0: 'FAIL 0.00s', 9.5: 'FAIL 0.00s', 10.0: 'FAIL 0.00s', 10.5: 'FAIL 0.00s', 11.0: 'FAIL 0.00s', 11.5: 'FAIL 0.00s', 12.0: 'FAIL 0.00s', 12.5: 'FAIL 0.00s', 13.0: 'FAIL 0.00s', 13.5: 'FAIL 0.00s', 14.0: 'FAIL 0.00s', 14.5: 'FAIL 0.00s', 15.0: 'FAIL 0.00s', 15.5: 'FAIL 0.00s', 16.0: 'FAIL 0.00s', 16.5: 'FAIL 0.00s', 17.0: 'FAIL 0.00s', 17.5: 'FAIL 0.00s', 18.0: 'FAIL 0.00s', 18.5: 'FAIL 0.00s', 19.0: 'FAIL 0.00s', 19.5: 'FAIL 0.00s', 20.0: 'FAIL 0.00s'}","{3.0: 'FAIL', 3.5: 'FAIL', 4.0: 'FAIL', 4.5: 'FAIL', 5.0: 'FAIL', 5.5: 'FAIL', 6.0: 'FAIL', 6.5: 'FAIL', 7.0: 'FAIL', 7.5: 'FAIL', 8.0: 'FAIL', 8.5: 'FAIL', 9.0: 'FAIL', 9.5: 'FAIL', 10.0: 'FAIL', 10.5: 'FAIL', 11.0: 'FAIL', 11.5: 'FAIL', 12.0: 'FAIL', 12.5: 'FAIL', 13.0: 'FAIL', 13.5: 'FAIL', 14.0: 'FAIL', 14.5: 'FAIL', 15.0: 'FAIL', 15.5: 'FAIL', 16.0: 'FAIL', 16.5: 'FAIL', 17.0: 'FAIL', 17.5: 'FAIL', 18.0: 'FAIL', 18.5: 'FAIL', 19.0: 'FAIL', 19.5: 'FAIL', 20.0: 'FAIL'}"
GapFollowPurePursuit,Spielberg,10.5,44.477,"{3.0: 'FAIL 0.00s', 3.5: 'FAIL 0.00s', 4.0: 'FAIL 0.00s', 4.5: 'FAIL 0.00s', 5.0: 'PASS 69.24s', 5.5: 'PASS 63.79s', 6.0: 'PASS 59.46s', 6.5: 'PASS 56.07s', 7.0: 'PASS 53.52s', 7.5: 'PASS 51.48s', 8.0: 'PASS 49.77s', 8.5: 'PASS 48.34s', 9.0: 'PASS 47.12s', 9.5: 'PASS 46.09s', 10.0: 'PASS 45.20s', 10.5: 'PASS 44.48s', 11.0: 'FAIL 0.00s', 11.5: 'FAIL 0.00s', 12.0: 'FAIL 0.00s', 12.5: 'FAIL 0.00s', 13.0: 'FAIL 0.00s', 13.5: 'FAIL 0.00s', 14.0: 'FAIL 0.00s', 14.5: 'FAIL 0.00s', 15.0: 'FAIL 0.00s', 15.5: 'FAIL 0.00s', 16.0: 'FAIL 0.00s', 16.5: 'FAIL 0.00s', 17.0: 'FAIL 0.00s', 17.5: 'FAIL 0.00s', 18.0: 'FAIL 0.00s', 18.5: 'FAIL 0.00s', 19.0: 'FAIL 0.00s', 19.5: 'FAIL 0.00s', 20.0: 'FAIL 0.00s'}","{3.0: 'FAIL', 3.5: 'FAIL', 4.0: 'FAIL', 4.5: 'FAIL', 5.0: 'PASS', 5.5: 'PASS', 6.0: 'PASS', 6.5: 'PASS', 7.0: 'PASS', 7.5: 'PASS', 8.0: 'PASS', 8.5: 'PASS', 9.0: 'PASS', 9.5: 'PASS', 10.0: 'PASS', 10.5: 'PASS', 11.0: 'FAIL', 11.5: 'FAIL', 12.0: 'FAIL', 12.5: 'FAIL', 13.0: 'FAIL', 13.5: 'FAIL', 14.0: 'FAIL', 14.5: 'FAIL', 15.0: 'FAIL', 15.5: 'FAIL', 16.0: 'FAIL', 16.5: 'FAIL', 17.0: 'FAIL', 17.5: 'FAIL', 18.0: 'FAIL', 18.5: 'FAIL', 19.0: 'FAIL', 19.5: 'FAIL', 20.0: 'FAIL'}"
GapFollowPurePursuit,YasMarina,FAIL,,"{3.0: 'FAIL 0.00s', 3.5: 'FAIL 0.00s', 4.0: 'FAIL 0.00s', 4.5: 'FAIL 0.00s', 5.0: 'FAIL 0.00s', 5.5: 'FAIL 0.00s', 6.0: 'FAIL 0.00s', 6.5: 'FAIL 0.00s', 7.0: 'FAIL 0.00s', 7.5: 'FAIL 0.00s', 8.0: 'FAIL 0.00s', 8.5: 'FAIL 0.00s', 9.0: 'FAIL 0.00s', 9.5: 'FAIL 0.00s', 10.0: 'FAIL 0.00s', 10.5: 'FAIL 0.00s', 11.0: 'FAIL 0.00s', 11.5: 'FAIL 0.00s', 12.0: 'FAIL 0.00s', 12.5: 'FAIL 0.00s', 13.0: 'FAIL 0.00s', 13.5: 'FAIL 0.00s', 14.0: 'FAIL 0.00s', 14.5: 'FAIL 0.00s', 15.0: 'FAIL 0.00s', 15.5: 'FAIL 0.00s', 16.0: 'FAIL 0.00s', 16.5: 'FAIL 0.00s', 17.0: 'FAIL 0.00s', 17.5: 'FAIL 0.00s', 18.0: 'FAIL 0.00s', 18.5: 'FAIL 0.00s', 19.0: 'FAIL 0.00s', 19.5: 'FAIL 0.00s', 20.0: 'FAIL 0.00s'}","{3.0: 'FAIL', 3.5: 'FAIL', 4.0: 'FAIL', 4.5: 'FAIL', 5.0: 'FAIL', 5.5: 'FAIL', 6.0: 'FAIL', 6.5: 'FAIL', 7.0: 'FAIL', 7.5: 'FAIL', 8.0: 'FAIL', 8.5: 'FAIL', 9.0: 'FAIL', 9.5: 'FAIL', 10.0: 'FAIL', 10.5: 'FAIL', 11.0: 'FAIL', 11.5: 'FAIL', 12.0: 'FAIL', 12.5: 'FAIL', 13.0: 'FAIL', 13.5: 'FAIL', 14.0: 'FAIL', 14.5: 'FAIL', 15.0: 'FAIL', 15.5: 'FAIL', 16.0: 'FAIL', 16.5: 'FAIL', 17.0: 'FAIL', 17.5: 'FAIL', 18.0: 'FAIL', 18.5: 'FAIL', 19.0: 'FAIL', 19.5: 'FAIL', 20.0: 'FAIL'}"
GapFollowPurePursuit,Zandvoort,10.0,58.833,"{3.0: 'FAIL 0.00s', 3.5: 'FAIL 0.00s', 4.0: 'FAIL 0.00s', 4.5: 'FAIL 0.00s', 5.0: 'FAIL 0.00s', 5.5: 'FAIL 0.00s', 6.0: 'PASS 69.30s', 6.5: 'PASS 65.96s', 7.0: 'PASS 63.54s', 7.5: 'PASS 61.80s', 8.0: 'PASS 60.41s', 8.5: 'PASS 59.29s', 9.0: 'FAIL 0.00s', 9.5: 'FAIL 0.00s', 10.0: 'PASS 58.83s', 10.5: 'FAIL 0.00s', 11.0: 'FAIL 0.00s', 11.5: 'FAIL 0.00s', 12.0: 'FAIL 0.00s', 12.5: 'FAIL 0.00s', 13.0: 'FAIL 0.00s', 13.5: 'FAIL 0.00s', 14.0: 'FAIL 0.00s', 14.5: 'FAIL 0.00s', 15.0: 'FAIL 0.00s', 15.5: 'FAIL 0.00s', 16.0: 'FAIL 0.00s', 16.5: 'FAIL 0.00s', 17.0: 'FAIL 0.00s', 17.5: 'FAIL 0.00s', 18.0: 'FAIL 0.00s', 18.5: 'FAIL 0.00s', 19.0: 'FAIL 0.00s', 19.5: 'FAIL 0.00s', 20.0: 'FAIL 0.00s'}","{3.0: 'FAIL', 3.5: 'FAIL', 4.0: 'FAIL', 4.5: 'FAIL', 5.0: 'FAIL', 5.5: 'FAIL', 6.0: 'PASS', 6.5: 'PASS', 7.0: 'PASS', 7.5: 'PASS', 8.0: 'PASS', 8.5: 'PASS', 9.0: 'FAIL', 9.5: 'FAIL', 10.0: 'PASS', 10.5: 'FAIL', 11.0: 'FAIL', 11.5: 'FAIL', 12.0: 'FAIL', 12.5: 'FAIL', 13.0: 'FAIL', 13.5: 'FAIL', 14.0: 'FAIL', 14.5: 'FAIL', 15.0: 'FAIL', 15.5: 'FAIL', 16.0: 'FAIL', 16.5: 'FAIL', 17.0: 'FAIL', 17.5: 'FAIL', 18.0: 'FAIL', 18.5: 'FAIL', 19.0: 'FAIL', 19.5: 'FAIL', 20.0: 'FAIL'}"
MPCAgent,Austin,FAIL,,"{3.0: 'FAIL 0.00s', 3.5: 'FAIL 0.00s', 4.0: 'FAIL 0.00s', 4.5: 'FAIL 0.00s', 5.0: 'FAIL 0.00s', 5.5: 'FAIL 0.00s', 6.0: 'FAIL 0.00s', 6.5: 'FAIL 0.00s', 7.0: 'FAIL 0.00s', 7.5: 'FAIL 0.00s', 8.0: 'FAIL 0.00s', 8.5: 'FAIL 0.00s', 9.0: 'FAIL 0.00s', 9.5: 'FAIL 0.00s', 10.0: 'FAIL 0.00s', 10.5: 'FAIL 0.00s', 11.0: 'FAIL 0.00s', 11.5: 'FAIL 0.00s', 12.0: 'FAIL 0.00s', 12.5: 'FAIL 0.00s', 13.0: 'FAIL 0.00s', 13.5: 'FAIL 0.00s', 14.0: 'FAIL 0.00s', 14.5: 'FAIL 0.00s', 15.0: 'FAIL 0.00s', 15.5: 'FAIL 0.00s', 16.0: 'FAIL 0.00s', 16.5: 'FAIL 0.00s', 17.0: 'FAIL 0.00s', 17.5: 'FAIL 0.00s', 18.0: 'FAIL 0.00s', 18.5: 'FAIL 0.00s', 19.0: 'FAIL 0.00s', 19.5: 'FAIL 0.00s', 20.0: 'FAIL 0.00s'}","{3.0: 'FAIL', 3.5: 'FAIL', 4.0: 'FAIL', 4.5: 'FAIL', 5.0: 'FAIL', 5.5: 'FAIL', 6.0: 'FAIL', 6.5: 'FAIL', 7.0: 'FAIL', 7.5: 'FAIL', 8.0: 'FAIL', 8.5: 'FAIL', 9.0: 'FAIL', 9.5: 'FAIL', 10.0: 'FAIL', 10.5: 'FAIL', 11.0: 'FAIL', 11.5: 'FAIL', 12.0: 'FAIL', 12.5: 'FAIL', 13.0: 'FAIL', 13.5: 'FAIL', 14.0: 'FAIL', 14.5: 'FAIL', 15.0: 'FAIL', 15.5: 'FAIL', 16.0: 'FAIL', 16.5: 'FAIL', 17.0: 'FAIL', 17.5: 'FAIL', 18.0: 'FAIL', 18.5: 'FAIL', 19.0: 'FAIL', 19.5: 'FAIL', 20.0: 'FAIL'}"
MPCAgent,BrandsHatch,10.5,48.447,"{3.0: 'FAIL 0.00s', 3.5: 'FAIL 0.00s', 4.0: 'FAIL 0.00s', 4.5: 'FAIL 0.00s', 5.0: 'FAIL 0.00s', 5.5: 'PASS 67.19s', 6.0: 'PASS 61.59s', 6.5: 'PASS 58.16s', 7.0: 'PASS 55.29s', 7.5: 'PASS 53.45s', 8.0: 'PASS 52.12s', 8.5: 'PASS 50.95s', 9.0: 'PASS 50.07s', 9.5: 'PASS 49.39s', 10.0: 'PASS 48.86s', 10.5: 'PASS 48.45s', 11.0: 'FAIL 0.00s', 11.5: 'FAIL 0.00s', 12.0: 'FAIL 0.00s', 12.5: 'FAIL 0.00s', 13.0: 'FAIL 0.00s', 13.5: 'FAIL 0.00s', 14.0: 'FAIL 0.00s', 14.5: 'FAIL 0.00s', 15.0: 'FAIL 0.00s', 15.5: 'FAIL 0.00s', 16.0: 'FAIL 0.00s', 16.5: 'FAIL 0.00s', 17.0: 'FAIL 0.00s', 17.5: 'FAIL 0.00s', 18.0: 'FAIL 0.00s', 18.5: 'FAIL 0.00s', 19.0: 'FAIL 0.00s', 19.5: 'FAIL 0.00s', 20.0: 'FAIL 0.00s'}","{3.0: 'FAIL', 3.5: 'FAIL', 4.0: 'FAIL', 4.5: 'FAIL', 5.0: 'FAIL', 5.5: 'PASS', 6.0: 'PASS', 6.5: 'PASS', 7.0: 'PASS', 7.5: 'PASS', 8.0: 'PASS', 8.5: 'PASS', 9.0: 'PASS', 9.5: 'PASS', 10.0: 'PASS', 10.5: 'PASS', 11.0: 'FAIL', 11.5: 'FAIL', 12.0: 'FAIL', 12.5: 'FAIL', 13.0: 'FAIL', 13.5: 'FAIL', 14.0: 'FAIL', 14.5: 'FAIL', 15.0: 'FAIL', 15.5: 'FAIL', 16.0: 'FAIL', 16.5: 'FAIL', 17.0: 'FAIL', 17.5: 'FAIL', 18.0: 'FAIL', 18.5: 'FAIL', 19.0: 'FAIL', 19.5: 'FAIL', 20.0: 'FAIL'}"
MPCAgent,Budapest,12.0,57.020,"{3.0: 'FAIL 0.00s', 3.5: 'FAIL 0.00s', 4.0: 'FAIL 0.00s', 4.5: 'FAIL 0.00s', 5.0: 'FAIL 0.00s', 5.5: 'FAIL 0.00s', 6.0: 'FAIL 0.00s', 6.5: 'PASS 68.67s', 7.0: 'PASS 65.54s', 7.5: 'PASS 63.60s', 8.0: 'PASS 62.24s', 8.5: 'PASS 60.99s', 9.0: 'PASS 60.06s', 9.5: 'PASS 59.30s', 10.0: 'PASS 58.77s', 10.5: 'PASS 58.13s', 11.0: 'PASS 57.71s', 11.5: 'PASS 57.33s', 12.0: 'PASS 57.02s', 12.5: 'FAIL 0.00s', 13.0: 'FAIL 0.00s', 13.5: 'FAIL 0.00s', 14.0: 'FAIL 0.00s', 14.5: 'FAIL 0.00s', 15.0: 'FAIL 0.00s', 15.5: 'FAIL 0.00s', 16.0: 'FAIL 0.00s', 16.5: 'FAIL 0.00s', 17.0: 'FAIL 0.00s', 17.5: 'FAIL 0.00s', 18.0: 'FAIL 0.00s', 18.5: 'FAIL 0.00s', 19.0: 'FAIL 0.00s', 19.5: 'FAIL 0.00s', 20.0: 'FAIL 0.00s'}","{3.0: 'FAIL', 3.5: 'FAIL', 4.0: 'FAIL', 4.5: 'FAIL', 5.0: 'FAIL', 5.5: 'FAIL', 6.0: 'FAIL', 6.5: 'PASS', 7.0: 'PASS', 7.5: 'PASS', 8.0: 'PASS', 8.5: 'PASS', 9.0: 'PASS', 9.5: 'PASS', 10.0: 'PASS', 10.5: 'PASS', 11.0: 'PASS', 11.5: 'PASS', 12.0: 'PASS', 12.5: 'FAIL', 13.0: 'FAIL', 13.5: 'FAIL', 14.0: 'FAIL', 14.5: 'FAIL', 15.0: 'FAIL', 15.5: 'FAIL', 16.0: 'FAIL', 16.5: 'FAIL', 17.0: 'FAIL', 17.5: 'FAIL', 18.0: 'FAIL', 18.5: 'FAIL', 19.0: 'FAIL', 19.5: 'FAIL', 20.0: 'FAIL'}"
MPCAgent,Catalunya,12.0,57.953,"{3.0: 'FAIL 0.00s', 3.5: 'FAIL 0.00s', 4.0: 'FAIL 0.00s', 4.5: 'FAIL 0.00s', 5.0: 'FAIL 0.00s', 5.5: 'FAIL 0.00s', 6.0: 'FAIL 0.00s', 6.5: 'FAIL 0.00s', 7.0: 'PASS 67.20s', 7.5: 'PASS 65.21s', 8.0: 'PASS 63.69s', 8.5: 'PASS 62.28s', 9.0: 'PASS 61.18s', 9.5: 'PASS 60.50s', 10.0: 'PASS 59.73s', 10.5: 'PASS 59.16s', 11.0: 'PASS 58.62s', 11.5: 'PASS 58.26s', 12.0: 'PASS 57.95s', 12.5: 'FAIL 0.00s', 13.0: 'FAIL 0.00s', 13.5: 'FAIL 0.00s', 14.0: 'FAIL 0.00s', 14.5: 'FAIL 0.00s', 15.0: 'FAIL 0.00s', 15.5: 'FAIL 0.00s', 16.0: 'FAIL 0.00s', 16.5: 'FAIL 0.00s', 17.0: 'FAIL 0.00s', 17.5: 'FAIL 0.00s', 18.0: 'FAIL 0.00s', 18.5: 'FAIL 0.00s', 19.0: 'FAIL 0.00s', 19.5: 'FAIL 0.00s', 20.0: 'FAIL 0.00s'}","{3.0: 'FAIL', 3.5: 'FAIL', 4.0: 'FAIL', 4.5: 'FAIL', 5.0: 'FAIL', 5.5: 'FAIL', 6.0: 'FAIL', 6.5: 'FAIL', 7.0: 'PASS', 7.5: 'PASS', 8.0: 'PASS', 8.5: 'PASS', 9.0: 'PASS', 9.5: 'PASS', 10.0: 'PASS', 10.5: 'PASS', 11.0: 'PASS', 11.5: 'PASS', 12.0: 'PASS', 12.5: 'FAIL', 13.0: 'FAIL', 13.5: 'FAIL', 14.0: 'FAIL', 14.5: 'FAIL', 15.0: 'FAIL', 15.5: 'FAIL', 16.0: 'FAIL', 16.5: 'FAIL', 17.0: 'FAIL', 17.5: 'FAIL', 18.0: 'FAIL', 18.5: 'FAIL', 19.0: 'FAIL', 19.5: 'FAIL', 20.0: 'FAIL'}"
MPCAgent,Hockenheim,10.0,51.543,"{3.0: 'FAIL 0.00s', 3.5: 'FAIL 0.00s', 4.0: 'FAIL 0.00s', 4.5: 'FAIL 0.00s', 5.0: 'FAIL 0.00s', 5.5: 'FAIL 0.00s', 6.0: 'FAIL 0.00s', 6.5: 'PASS 66.19s', 7.0: 'PASS 62.25s', 7.5: 'PASS 58.20s', 8.0: 'PASS 56.17s', 8.5: 'PASS 54.39s', 9.0: 'PASS 53.22s', 9.5: 'PASS 52.15s', 10.0: 'PASS 51.54s', 10.5: 'FAIL 0.00s', 11.0: 'FAIL 0.00s', 11.5: 'FAIL 0.00s', 12.0: 'FAIL 0.00s', 12.5: 'FAIL 0.00s', 13.0: 'FAIL 0.00s', 13.5: 'FAIL 0.00s', 14.0: 'FAIL 0.00s', 14.5: 'FAIL 0.00s', 15.0: 'FAIL 0.00s', 15.5: 'FAIL 0.00s', 16.0: 'FAIL 0.00s', 16.5: 'FAIL 0.00s', 17.0: 'FAIL 0.00s', 17.5: 'FAIL 0.00s', 18.0: 'FAIL 0.00s', 18.5: 'FAIL 0.00s', 19.0: 'FAIL 0.00s', 19.5: 'FAIL 0.00s', 20.0: 'FAIL 0.00s'}","{3.0: 'FAIL', 3.5: 'FAIL', 4.0: 'FAIL', 4.5: 'FAIL', 5.0: 'FAIL', 5.5: 'FAIL', 6.0: 'FAIL', 6.5: 'PASS', 7.0: 'PASS', 7.5: 'PASS', 8.0: 'PASS', 8.5: 'PASS', 9.0: 'PASS', 9.5: 'PASS', 10.0: 'PASS', 10.5: 'FAIL', 11.0: 'FAIL', 11.5: 'FAIL', 12.0: 'FAIL', 12.5: 'FAIL', 13.0: 'FAIL', 13.5: 'FAIL', 14.0: 'FAIL', 14.5: 'FAIL', 15.0: 'FAIL', 15.5: 'FAIL', 16.0: 'FAIL', 16.5: 'FAIL', 17.0: 'FAIL', 17.5: 'FAIL', 18.0: 'FAIL', 18.5: 'FAIL', 19.0: 'FAIL', 19.5: 'FAIL', 20.0: 'FAIL'}"
MPCAgent,IMS,10.0,33.537,"{3.0: 'FAIL 0.00s', 3.5: 'FAIL 0.00s', 4.0: 'FAIL 0.00s', 4.5: 'FAIL 0.00s', 5.0: 'FAIL 0.00s', 5.5: 'PASS 62.63s', 6.0: 'FAIL 0.00s', 6.5: 'PASS 52.09s', 7.0: 'PASS 46.64s', 7.5: 'PASS 41.79s', 8.0: 'PASS 39.72s', 8.5: 'FAIL 0.00s', 9.0: 'PASS 35.24s', 9.5: 'PASS 34.13s', 10.0: 'PASS 33.54s', 10.5: 'FAIL 0.00s', 11.0: 'FAIL 0.00s', 11.5: 'FAIL 0.00s', 12.0: 'FAIL 0.00s', 12.5: 'FAIL 0.00s', 13.0: 'FAIL 0.00s', 13.5: 'FAIL 0.00s', 14.0: 'FAIL 0.00s', 14.5: 'FAIL 0.00s', 15.0: 'FAIL 0.00s', 15.5: 'FAIL 0.00s', 16.0: 'FAIL 0.00s', 16.5: 'FAIL 0.00s', 17.0: 'FAIL 0.00s', 17.5: 'FAIL 0.00s', 18.0: 'FAIL 0.00s', 18.5: 'FAIL 0.00s', 19.0: 'FAIL 0.00s', 19.5: 'FAIL 0.00s', 20.0: 'FAIL 0.00s'}","{3.0: 'FAIL', 3.5: 'FAIL', 4.0: 'FAIL', 4.5: 'FAIL', 5.0: 'FAIL', 5.5: 'PASS', 6.0: 'FAIL', 6.5: 'PASS', 7.0: 'PASS', 7.5: 'PASS', 8.0: 'PASS', 8.5: 'FAIL', 9.0: 'PASS', 9.5: 'PASS', 10.0: 'PASS', 10.5: 'FAIL', 11.0: 'FAIL', 11.5: 'FAIL', 12.0: 'FAIL', 12.5: 'FAIL', 13.0: 'FAIL', 13.5: 'FAIL', 14.0: 'FAIL', 14.5: 'FAIL', 15.0: 'FAIL', 15.5: 'FAIL', 16.0: 'FAIL', 16.5: 'FAIL', 17.0: 'FAIL', 17.5: 'FAIL', 18.0: 'FAIL', 18.5: 'FAIL', 19.0: 'FAIL', 19.5: 'FAIL', 20.0: 'FAIL'}"
MPCAgent,Melbourne,10.5,61.970,"{3.0: 'FAIL 0.00s', 3.5: 'FAIL 0.00s', 4.0: 'FAIL 0.00s', 4.5: 'FAIL 0.00s', 5.0: 'FAIL 0.00s', 5.5: 'FAIL 0.00s', 6.0: 'FAIL 0.00s', 6.5: 'FAIL 0.00s', 7.0: 'FAIL 0.00s', 7.5: 'FAIL 0.00s', 8.0: 'PASS 67.90s', 8.5: 'PASS 66.10s', 9.0: 'PASS 64.50s', 9.5: 'PASS 63.13s', 10.0: 'PASS 61.97s', 10.5: 'PASS 61.97s', 11.0: 'FAIL 0.00s', 11.5: 'FAIL 0.00s', 12.0: 'FAIL 0.00s', 12.5: 'FAIL 0.00s', 13.0: 'FAIL 0.00s', 13.5: 'FAIL 0.00s', 14.0: 'FAIL 0.00s', 14.5: 'FAIL 0.00s', 15.0: 'FAIL 0.00s', 15.5: 'FAIL 0.00s', 16.0: 'FAIL 0.00s', 16.5: 'FAIL 0.00s', 17.0: 'FAIL 0.00s', 17.5: 'FAIL 0.00s', 18.0: 'FAIL 0.00s', 18.5: 'FAIL 0.00s', 19.0: 'FAIL 0.00s', 19.5: 'FAIL 0.00s', 20.0: 'FAIL 0.00s'}","{3.0: 'FAIL', 3.5: 'FAIL', 4.0: 'FAIL', 4.5: 'FAIL', 5.0: 'FAIL', 5.5: 'FAIL', 6.0: 'FAIL', 6.5: 'FAIL', 7.0: 'FAIL', 7.5: 'FAIL', 8.0: 'PASS', 8.5: 'PASS', 9.0: 'PASS', 9.5: 'PASS', 10.0: 'PASS', 10.5: 'PASS', 11.0: 'FAIL', 11.5: 'FAIL', 12.0: 'FAIL', 12.5: 'FAIL', 13.0: 'FAIL', 13.5: 'FAIL', 14.0: 'FAIL', 14.5: 'FAIL', 15.0: 'FAIL', 15.5: 'FAIL', 16.0: 'FAIL', 16.5: 'FAIL', 17.0: 'FAIL', 17.5: 'FAIL', 18.0: 'FAIL', 18.5: 'FAIL', 19.0: 'FAIL', 19.5: 'FAIL', 20.0: 'FAIL'}"
MPCAgent,MexicoCity,11.5,49.007,"{3.0: 'FAIL 0.00s', 3.5: 'FAIL 0.00s', 4.0: 'FAIL 0.00s', 4.5: 'FAIL 0.00s', 5.0: 'FAIL 0.00s', 5.5: 'FAIL 0.00s', 6.0: 'PASS 67.57s', 6.5: 'PASS 63.74s', 7.0: 'PASS 59.41s', 7.5: 'PASS 56.93s', 8.0: 'PASS 55.19s', 8.5: 'PASS 53.69s', 9.0: 'PASS 52.59s', 9.5: 'PASS 51.70s', 10.0: 'PASS 50.86s', 10.5: 'PASS 50.20s', 11.0: 'PASS 49.63s', 11.5: 'PASS 49.01s', 12.0: 'FAIL 0.00s', 12.5: 'FAIL 0.00s', 13.0: 'FAIL 0.00s', 13.5: 'FAIL 0.00s', 14.0: 'FAIL 0.00s', 14.5: 'FAIL 0.00s', 15.0: 'FAIL 0.00s', 15.5: 'FAIL 0.00s', 16.0: 'FAIL 0.00s', 16.5: 'FAIL 0.00s', 17.0: 'FAIL 0.00s', 17.5: 'FAIL 0.00s', 18.0: 'FAIL 0.00s', 18.5: 'FAIL 0.00s', 19.0: 'FAIL 0.00s', 19.5: 'FAIL 0.00s', 20.0: 'FAIL 0.00s'}","{3.0: 'FAIL', 3.5: 'FAIL', 4.0: 'FAIL', 4.5: 'FAIL', 5.0: 'FAIL', 5.5: 'FAIL', 6.0: 'PASS', 6.5: 'PASS', 7.0: 'PASS', 7.5: 'PASS', 8.0: 'PASS', 8.5: 'PASS', 9.0: 'PASS', 9.5: 'PASS', 10.0: 'PASS', 10.5: 'PASS', 11.0: 'PASS', 11.5: 'PASS', 12.0: 'FAIL', 12.5: 'FAIL', 13.0: 'FAIL', 13.5: 'FAIL', 14.0: 'FAIL', 14.5: 'FAIL', 15.0: 'FAIL', 15.5: 'FAIL', 16.0: 'FAIL', 16.5: 'FAIL', 17.0: 'FAIL', 17.5: 'FAIL', 18.0: 'FAIL', 18.5: 'FAIL', 19.0: 'FAIL', 19.5: 'FAIL', 20.0: 'FAIL'}"
MPCAgent,Monza,10.0,53.577,"{3.0: 'FAIL 0.00s', 3.5: 'FAIL 0.00s', 4.0: 'FAIL 0.00s', 4.5: 'FAIL 0.00s', 5.0: 'FAIL 0.00s', 5.5: 'FAIL 0.00s', 6.0: 'FAIL 0.00s', 6.5: 'FAIL 0.00s', 7.0: 'FAIL 0.00s', 7.5: 'PASS 65.25s', 8.0: 'PASS 62.51s', 8.5: 'FAIL 0.00s', 9.0: 'PASS 56.22s', 9.5: 'FAIL 0.00s', 10.0: 'PASS 53.58s', 10.5: 'FAIL 0.00s', 11.0: 'FAIL 0.00s', 11.5: 'FAIL 0.00s', 12.0: 'FAIL 0.00s', 12.5: 'FAIL 0.00s', 13.0: 'FAIL 0.00s', 13.5: 'FAIL 0.00s', 14.0: 'FAIL 0.00s', 14.5: 'FAIL 0.00s', 15.0: 'FAIL 0.00s', 15.5: 'FAIL 0.00s', 16.0: 'FAIL 0.00s', 16.5: 'FAIL 0.00s', 17.0: 'FAIL 0.00s', 17.5: 'FAIL 0.00s', 18.0: 'FAIL 0.00s', 18.5: 'FAIL 0.00s', 19.0: 'FAIL 0.00s', 19.5: 'FAIL 0.00s', 20.0: 'FAIL 0.00s'}","{3.0: 'FAIL', 3.5: 'FAIL', 4.0: 'FAIL', 4.5: 'FAIL', 5.0: 'FAIL', 5.5: 'FAIL', 6.0: 'FAIL', 6.5: 'FAIL', 7.0: 'FAIL', 7.5: 'PASS', 8.0: 'PASS', 8.5: 'FAIL', 9.0: 'PASS', 9.5: 'FAIL', 10.0: 'PASS', 10.5: 'FAIL', 11.0: 'FAIL', 11.5: 'FAIL', 12.0: 'FAIL', 12.5: 'FAIL', 13.0: 'FAIL', 13.5: 'FAIL', 14.0: 'FAIL', 14.5: 'FAIL', 15.0: 'FAIL', 15.5: 'FAIL', 16.0: 'FAIL', 16.5: 'FAIL', 17.0: 'FAIL', 17.5: 'FAIL', 18.0: 'FAIL', 18.5: 'FAIL', 19.0: 'FAIL', 19.5: 'FAIL', 20.0: 'FAIL'}"
MPCAgent,MoscowRaceway,12.0,49.890,"{3.0: 'FAIL 0.00s', 3.5: 'FAIL 0.00s', 4.0: 'FAIL 0.00s', 4.5: 'FAIL 0.00s', 5.0: 'FAIL 0.00s', 5.5: 'PASS 68.81s', 6.0: 'PASS 64.10s', 6.5: 'FAIL 0.00s', 7.0: 'FAIL 0.00s', 7.5: 'PASS 56.52s', 8.0: 'PASS 54.24s', 8.5: 'FAIL 0.00s', 9.0: 'PASS 52.85s', 9.5: 'FAIL 0.00s', 10.0: 'PASS 51.18s', 10.5: 'FAIL 0.00s', 11.0: 'FAIL 0.00s', 11.5: 'FAIL 0.00s', 12.0: 'PASS 49.89s', 12.5: 'FAIL 0.00s', 13.0: 'FAIL 0.00s', 13.5: 'FAIL 0.00s', 14.0: 'FAIL 0.00s', 14.5: 'FAIL 0.00s', 15.0: 'FAIL 0.00s', 15.5: 'FAIL 0.00s', 16.0: 'FAIL 0.00s', 16.5: 'FAIL 0.00s', 17.0: 'FAIL 0.00s', 17.5: 'FAIL 0.00s', 18.0: 'FAIL 0.00s', 18.5: 'FAIL 0.00s', 19.0: 'FAIL 0.00s', 19.5: 'FAIL 0.00s', 20.0: 'FAIL 0.00s'}","{3.0: 'FAIL', 3.5: 'FAIL', 4.0: 'FAIL', 4.5: 'FAIL', 5.0: 'FAIL', 5.5: 'PASS', 6.0: 'PASS', 6.5: 'FAIL', 7.0: 'FAIL', 7.5: 'PASS', 8.0: 'PASS', 8.5: 'FAIL', 9.0: 'PASS', 9.5: 'FAIL', 10.0: 'PASS', 10.5: 'FAIL', 11.0: 'FAIL', 11.5: 'FAIL', 12.0: 'PASS', 12.5: 'FAIL', 13.0: 'FAIL', 13.5: 'FAIL', 14.0: 'FAIL', 14.5: 'FAIL', 15.0: 'FAIL', 15.5: 'FAIL', 16.0: 'FAIL', 16.5: 'FAIL', 17.0: 'FAIL', 17.5: 'FAIL', 18.0: 'FAIL', 18.5: 'FAIL', 19.0: 'FAIL', 19.5: 'FAIL', 20.0: 'FAIL'}"
MPCAgent,Nuerburgring,10.0,62.880,"{3.0: 'FAIL 0.00s', 3.5: 'FAIL 0.00s', 4.0: 'FAIL 0.00s', 4.5: 'FAIL 0.00s', 5.0: 'FAIL 0.00s', 5.5: 'FAIL 0.00s', 6.0: 'FAIL 0.00s', 6.5: 'FAIL 0.00s', 7.0: 'FAIL 0.00s', 7.5: 'FAIL 0.00s', 8.0: 'PASS 68.35s', 8.5: 'PASS 66.59s', 9.0: 'PASS 64.91s', 9.5: 'PASS 63.84s', 10.0: 'PASS 62.88s', 10.5: 'FAIL 0.00s', 11.0: 'FAIL 0.00s', 11.5: 'FAIL 0.00s', 12.0: 'FAIL 0.00s', 12.5: 'FAIL 0.00s', 13.0: 'FAIL 0.00s', 13.5: 'FAIL 0.00s', 14.0: 'FAIL 0.00s', 14.5: 'FAIL 0.00s', 15.0: 'FAIL 0.00s', 15.5: 'FAIL 0.00s', 16.0: 'FAIL 0.00s', 16.5: 'FAIL 0.00s', 17.0: 'FAIL 0.00s', 17.5: 'FAIL 0.00s', 18.0: 'FAIL 0.00s', 18.5: 'FAIL 0.00s', 19.0: 'FAIL 0.00s', 19.5: 'FAIL 0.00s', 20.0: 'FAIL 0.00s'}","{3.0: 'FAIL', 3.5: 'FAIL', 4.0: 'FAIL', 4.5: 'FAIL', 5.0: 'FAIL', 5.5: 'FAIL', 6.0: 'FAIL', 6.5: 'FAIL', 7.0: 'FAIL', 7.5: 'FAIL', 8.0: 'PASS', 8.5: 'PASS', 9.0: 'PASS', 9.5: 'PASS', 10.0: 'PASS', 10.5: 'FAIL', 11.0: 'FAIL', 11.5: 'FAIL', 12.0: 'FAIL', 12.5: 'FAIL', 13.0: 'FAIL', 13.5: 'FAIL', 14.0: 'FAIL', 14.5: 'FAIL', 15.0: 'FAIL', 15.5: 'FAIL', 16.0: 'FAIL', 16.5: 'FAIL', 17.0: 'FAIL', 17.5: 'FAIL', 18.0: 'FAIL', 18.5: 'FAIL', 19.0: 'FAIL', 19.5: 'FAIL', 20.0: 'FAIL'}"
MPCAgent,Oschersleben,11.0,40.990,"{3.0: 'FAIL 0.00s', 3.5: 'FAIL 0.00s', 4.0: 'FAIL 0.00s', 4.5: 'PASS 67.53s', 5.0: 'PASS 60.17s', 5.5: 'PASS 55.82s', 6.0: 'PASS 52.45s', 6.5: 'FAIL 0.00s', 7.0: 'PASS 48.12s', 7.5: 'FAIL 0.00s', 8.0: 'FAIL 0.00s', 8.5: 'FAIL 0.00s', 9.0: 'FAIL 0.00s', 9.5: 'FAIL 0.00s', 10.0: 'FAIL 0.00s', 10.5: 'FAIL 0.00s', 11.0: 'PASS 40.99s', 11.5: 'FAIL 0.00s', 12.0: 'FAIL 0.00s', 12.5: 'FAIL 0.00s', 13.0: 'FAIL 0.00s', 13.5: 'FAIL 0.00s', 14.0: 'FAIL 0.00s', 14.5: 'FAIL 0.00s', 15.0: 'FAIL 0.00s', 15.5: 'FAIL 0.00s', 16.0: 'FAIL 0.00s', 16.5: 'FAIL 0.00s', 17.0: 'FAIL 0.00s', 17.5: 'FAIL 0.00s', 18.0: 'FAIL 0.00s', 18.5: 'FAIL 0.00s', 19.0: 'FAIL 0.00s', 19.5: 'FAIL 0.00s', 20.0: 'FAIL 0.00s'}","{3.0: 'FAIL', 3.5: 'FAIL', 4.0: 'FAIL', 4.5: 'PASS', 5.0: 'PASS', 5.5: 'PASS', 6.0: 'PASS', 6.5: 'FAIL', 7.0: 'PASS', 7.5: 'FAIL', 8.0: 'FAIL', 8.5: 'FAIL', 9.0: 'FAIL', 9.5: 'FAIL', 10.0: 'FAIL', 10.5: 'FAIL', 11.0: 'PASS', 11.5: 'FAIL', 12.0: 'FAIL', 12.5: 'FAIL', 13.0: 'FAIL', 13.5: 'FAIL', 14.0: 'FAIL', 14.5: 'FAIL', 15.0: 'FAIL', 15.5: 'FAIL', 16.0: 'FAIL', 16.5: 'FAIL', 17.0: 'FAIL', 17.5: 'FAIL', 18.0: 'FAIL', 18.5: 'FAIL', 19.0: 'FAIL', 19.5: 'FAIL', 20.0: 'FAIL'}"
MPCAgent,Sakhir,11.0,59.593,"{3.0: 'FAIL 0.00s', 3.5: 'FAIL 0.00s', 4.0: 'FAIL 0.00s', 4.5: 'FAIL 0.00s', 5.0: 'FAIL 0.00s', 5.5: 'FAIL 0.00s', 6.0: 'FAIL 0.00s', 6.5: 'FAIL 0.00s', 7.0: 'FAIL 0.00s', 7.5: 'PASS 69.83s', 8.0: 'PASS 67.42s', 8.5: 'PASS 65.63s', 9.0: 'PASS 63.99s', 9.5: 'PASS 62.90s', 10.0: 'PASS 61.47s', 10.5: 'PASS 60.53s', 11.0: 'PASS 59.59s', 11.5: 'FAIL 0.00s', 12.0: 'FAIL 0.00s', 12.5: 'FAIL 0.00s', 13.0: 'FAIL 0.00s', 13.5: 'FAIL 0.00s', 14.0: 'FAIL 0.00s', 14.5: 'FAIL 0.00s', 15.0: 'FAIL 0.00s', 15.5: 'FAIL 0.00s', 16.0: 'FAIL 0.00s', 16.5: 'FAIL 0.00s', 17.0: 'FAIL 0.00s', 17.5: 'FAIL 0.00s', 18.0: 'FAIL 0.00s', 18.5: 'FAIL 0.00s', 19.0: 'FAIL 0.00s', 19.5: 'FAIL 0.00s', 20.0: 'FAIL 0.00s'}","{3.0: 'FAIL', 3.5: 'FAIL', 4.0: 'FAIL', 4.5: 'FAIL', 5.0: 'FAIL', 5.5: 'FAIL', 6.0: 'FAIL', 6.5: 'FAIL', 7.0: 'FAIL', 7.5: 'PASS', 8.0: 'PASS', 8.5: 'PASS', 9.0: 'PASS', 9.5: 'PASS', 10.0: 'PASS', 10.5: 'PASS', 11.0: 'PASS', 11.5: 'FAIL', 12.0: 'FAIL', 12.5: 'FAIL', 13.0: 'FAIL', 13.5: 'FAIL', 14.0: 'FAIL', 14.5: 'FAIL', 15.0: 'FAIL', 15.5: 'FAIL', 16.0: 'FAIL', 16.5: 'FAIL', 17.0: 'FAIL', 17.5: 'FAIL', 18.0: 'FAIL', 18.5: 'FAIL', 19.0: 'FAIL', 19.5: 'FAIL', 20.0: 'FAIL'}"
MPCAgent,SaoPaulo,12.0,49.657,"{3.0: 'FAIL 0.00s', 3.5: 'FAIL 0.00s', 4.0: 'FAIL 0.00s', 4.5: 'FAIL 0.00s', 5.0: 'FAIL 0.00s', 5.5: 'FAIL 0.00s', 6.0: 'PASS 66.45s', 6.5: 'PASS 62.98s', 7.0: 'PASS 58.16s', 7.5: 'PASS 56.07s', 8.0: 'PASS 54.64s', 8.5: 'PASS 53.32s', 9.0: 'PASS 52.46s', 9.5: 'PASS 51.77s', 10.0: 'PASS 51.13s', 10.5: 'PASS 50.57s', 11.0: 'PASS 50.23s', 11.5: 'PASS 49.81s', 12.0: 'PASS 49.66s', 12.5: 'FAIL 0.00s', 13.0: 'FAIL 0.00s', 13.5: 'FAIL 0.00s', 14.0: 'FAIL 0.00s', 14.5: 'FAIL 0.00s', 15.0: 'FAIL 0.00s', 15.5: 'FAIL 0.00s', 16.0: 'FAIL 0.00s', 16.5: 'FAIL 0.00s', 17.0: 'FAIL 0.00s', 17.5: 'FAIL 0.00s', 18.0: 'FAIL 0.00s', 18.5: 'FAIL 0.00s', 19.0: 'FAIL 0.00s', 19.5: 'FAIL 0.00s', 20.0: 'FAIL 0.00s'}","{3.0: 'FAIL', 3.5: 'FAIL', 4.0: 'FAIL', 4.5: 'FAIL', 5.0: 'FAIL', 5.5: 'FAIL', 6.0: 'PASS', 6.5: 'PASS', 7.0: 'PASS', 7.5: 'PASS', 8.0: 'PASS', 8.5: 'PASS', 9.0: 'PASS', 9.5: 'PASS', 10.0: 'PASS', 10.5: 'PASS', 11.0: 'PASS', 11.5: 'PASS', 12.0: 'PASS', 12.5: 'FAIL', 13.0: 'FAIL', 13.5: 'FAIL', 14.0: 'FAIL', 14.5: 'FAIL', 15.0: 'FAIL', 15.5: 'FAIL', 16.0: 'FAIL', 16.5: 'FAIL', 17.0: 'FAIL', 17.5: 'FAIL', 18.0: 'FAIL', 18.5: 'FAIL', 19.0: 'FAIL', 19.5: 'FAIL', 20.0: 'FAIL'}"
MPCAgent,Sepang,11.0,67.890,"{3.0: 'FAIL 0.00s', 3.5: 'FAIL 0.00s', 4.0: 'FAIL 0.00s', 4.5: 'FAIL 0.00s', 5.0: 'FAIL 0.00s', 5.5: 'FAIL 0.00s', 6.0: 'FAIL 0.00s', 6.5: 'FAIL 0.00s', 7.0: 'FAIL 0.00s', 7.5: 'FAIL 0.00s', 8.0: 'FAIL 0.00s', 8.5: 'FAIL 0.00s', 9.0: 'FAIL 0.00s', 9.5: 'FAIL 0.00s', 10.0: 'PASS 69.52s', 10.5: 'PASS 68.66s', 11.0: 'PASS 67.89s', 11.5: 'FAIL 0.00s', 12.0: 'FAIL 0.00s', 12.5: 'FAIL 0.00s', 13.0: 'FAIL 0.00s', 13.5: 'FAIL 0.00s', 14.0: 'FAIL 0.00s', 14.5: 'FAIL 0.00s', 15.0: 'FAIL 0.00s', 15.5: 'FAIL 0.00s', 16.0: 'FAIL 0.00s', 16.5: 'FAIL 0.00s', 17.0: 'FAIL 0.00s', 17.5: 'FAIL 0.00s', 18.0: 'FAIL 0.00s', 18.5: 'FAIL 0.00s', 19.0: 'FAIL 0.00s', 19.5: 'FAIL 0.00s', 20.0: 'FAIL 0.00s'}","{3.0: 'FAIL', 3.5: 'FAIL', 4.0: 'FAIL', 4.5: 'FAIL', 5.0: 'FAIL', 5.5: 'FAIL', 6.0: 'FAIL', 6.5: 'FAIL', 7.0: 'FAIL', 7.5: 'FAIL', 8.0: 'FAIL', 8.5: 'FAIL', 9.0: 'FAIL', 9.5: 'FAIL', 10.0: 'PASS', 10.5: 'PASS', 11.0: 'PASS', 11.5: 'FAIL', 12.0: 'FAIL', 12.5: 'FAIL', 13.0: 'FAIL', 13.5: 'FAIL', 14.0: 'FAIL', 14.5: 'FAIL', 15.0: 'FAIL', 15.5: 'FAIL', 16.0: 'FAIL', 16.5: 'FAIL', 17.0: 'FAIL', 17.5: 'FAIL', 18.0: 'FAIL', 18.5: 'FAIL', 19.0: 'FAIL', 19.5: 'FAIL', 20.0: 'FAIL'}"
MPCAgent,Silverstone,9.5,64.280,"{3.0: 'FAIL 0.00s', 3.5: 'FAIL 0.00s', 4.0: 'FAIL 0.00s', 4.5: 'FAIL 0.00s', 5.0: 'FAIL 0.00s', 5.5: 'FAIL 0.00s', 6.0: 'FAIL 0.00s', 6.5: 'FAIL 0.00s', 7.0: 'FAIL 0.00s', 7.5: 'FAIL 0.00s', 8.0: 'PASS 69.55s', 8.5: 'PASS 67.10s', 9.0: 'FAIL 0.00s', 9.5: 'PASS 64.28s', 10.0: 'FAIL 0.00s', 10.5: 'FAIL 0.00s', 11.0: 'FAIL 0.00s', 11.5: 'FAIL 0.00s', 12.0: 'FAIL 0.00s', 12.5: 'FAIL 0.00s', 13.0: 'FAIL 0.00s', 13.5: 'FAIL 0.00s', 14.0: 'FAIL 0.00s', 14.5: 'FAIL 0.00s', 15.0: 'FAIL 0.00s', 15.5: 'FAIL 0.00s', 16.0: 'FAIL 0.00s', 16.5: 'FAIL 0.00s', 17.0: 'FAIL 0.00s', 17.5: 'FAIL 0.00s', 18.0: 'FAIL 0.00s', 18.5: 'FAIL 0.00s', 19.0: 'FAIL 0.00s', 19.5: 'FAIL 0.00s', 20.0: 'FAIL 0.00s'}","{3.0: 'FAIL', 3.5: 'FAIL', 4.0: 'FAIL', 4.5: 'FAIL', 5.0: 'FAIL', 5.5: 'FAIL', 6.0: 'FAIL', 6.5: 'FAIL', 7.0: 'FAIL', 7.5: 'FAIL', 8.0: 'PASS', 8.5: 'PASS', 9.0: 'FAIL', 9.5: 'PASS', 10.0: 'FAIL', 10.5: 'FAIL', 11.0: 'FAIL', 11.5: 'FAIL', 12.0: 'FAIL', 12.5: 'FAIL', 13.0: 'FAIL', 13.5: 'FAIL', 14.0: 'FAIL', 14.5: 'FAIL', 15.0: 'FAIL', 15.5: 'FAIL', 16.0: 'FAIL', 16.5: 'FAIL', 17.0: 'FAIL', 17.5: 'FAIL', 18.0: 'FAIL', 18.5: 'FAIL', 19.0: 'FAIL', 19.5: 'FAIL', 20.0: 'FAIL'}"
MPCAgent,Sochi,9.0,66.127,"{3.0: 'FAIL 0.00s', 3.5: 'FAIL 0.00s', 4.0: 'FAIL 0.00s', 4.5: 'FAIL 0.00s', 5.0: 'FAIL 0.00s', 5.5: 'FAIL 0.00s', 6.0: 'FAIL 0.00s', 6.5: 'FAIL 0.00s', 7.0: 'FAIL 0.00s', 7.5: 'FAIL 0.00s', 8.0: 'FAIL 0.00s', 8.5: 'PASS 67.83s', 9.0: 'PASS 66.13s', 9.5: 'FAIL 0.00s', 10.0: 'FAIL 0.00s', 10.5: 'FAIL 0.00s', 11.0: 'FAIL 0.00s', 11.5: 'FAIL 0.00s', 12.0: 'FAIL 0.00s', 12.5: 'FAIL 0.00s', 13.0: 'FAIL 0.00s', 13.5: 'FAIL 0.00s', 14.0: 'FAIL 0.00s', 14.5: 'FAIL 0.00s', 15.0: 'FAIL 0.00s', 15.5: 'FAIL 0.00s', 16.0: 'FAIL 0.00s', 16.5: 'FAIL 0.00s', 17.0: 'FAIL 0.00s', 17.5: 'FAIL 0.00s', 18.0: 'FAIL 0.00s', 18.5: 'FAIL 0.00s', 19.0: 'FAIL 0.00s', 19.5: 'FAIL 0.00s', 20.0: 'FAIL 0.00s'}","{3.0: 'FAIL', 3.5: 'FAIL', 4.0: 'FAIL', 4.5: 'FAIL', 5.0: 'FAIL', 5.5: 'FAIL', 6.0: 'FAIL', 6.5: 'FAIL', 7.0: 'FAIL', 7.5: 'FAIL', 8.0: 'FAIL', 8.5: 'PASS', 9.0: 'PASS', 9.5: 'FAIL', 10.0: 'FAIL', 10.5: 'FAIL', 11.0: 'FAIL', 11.5: 'FAIL', 12.0: 'FAIL', 12.5: 'FAIL', 13.0: 'FAIL', 13.5: 'FAIL', 14.0: 'FAIL', 14.5: 'FAIL', 15.0: 'FAIL', 15.5: 'FAIL', 16.0: 'FAIL', 16.5: 'FAIL', 17.0: 'FAIL', 17.5: 'FAIL', 18.0: 'FAIL', 18.5: 'FAIL', 19.0: 'FAIL', 19.5: 'FAIL', 20.0: 'FAIL'}"
MPCAgent,Spa,FAIL,,"{3.0: 'FAIL 0.00s', 3.5: 'FAIL 0.00s', 4.0: 'FAIL 0.00s', 4.5: 'FAIL 0.00s', 5.0: 'FAIL 0.00s', 5.5: 'FAIL 0.00s', 6.0: 'FAIL 0.00s', 6.5: 'FAIL 0.00s', 7.0: 'FAIL 0.00s', 7.5: 'FAIL 0.00s', 8.0: 'FAIL 0.00s', 8.5: 'FAIL 0.00s', 9.0: 'FAIL 0.00s', 9.5: 'FAIL 0.00s', 10.0: 'FAIL 0.00s', 10.5: 'FAIL 0.00s', 11.0: 'FAIL 0.00s', 11.5: 'FAIL 0.00s', 12.0: 'FAIL 0.00s', 12.5: 'FAIL 0.00s', 13.0: 'FAIL 0.00s', 13.5: 'FAIL 0.00s', 14.0: 'FAIL 0.00s', 14.5: 'FAIL 0.00s', 15.0: 'FAIL 0.00s', 15.5: 'FAIL 0.00s', 16.0: 'FAIL 0.00s', 16.5: 'FAIL 0.00s', 17.0: 'FAIL 0.00s', 17.5: 'FAIL 0.00s', 18.0: 'FAIL 0.00s', 18.5: 'FAIL 0.00s', 19.0: 'FAIL 0.00s', 19.5: 'FAIL 0.00s', 20.0: 'FAIL 0.00s'}","{3.0: 'FAIL', 3.5: 'FAIL', 4.0: 'FAIL', 4.5: 'FAIL', 5.0: 'FAIL', 5.5: 'FAIL', 6.0: 'FAIL', 6.5: 'FAIL', 7.0: 'FAIL', 7.5: 'FAIL', 8.0: 'FAIL', 8.5: 'FAIL', 9.0: 'FAIL', 9.5: 'FAIL', 10.0: 'FAIL', 10.5: 'FAIL', 11.0: 'FAIL', 11.5: 'FAIL', 12.0: 'FAIL', 12.5: 'FAIL', 13.0: 'FAIL', 13.5: 'FAIL', 14.0: 'FAIL', 14.5: 'FAIL', 15.0: 'FAIL', 15.5: 'FAIL', 16.0: 'FAIL', 16.5: 'FAIL', 17.0: 'FAIL', 17.5: 'FAIL', 18.0: 'FAIL', 18.5: 'FAIL', 19.0: 'FAIL', 19.5: 'FAIL', 20.0: 'FAIL'}"
MPCAgent,Spielberg,10.0,45.767,"{3.0: 'FAIL 0.00s', 3.5: 'FAIL 0.00s', 4.0: 'FAIL 0.00s', 4.5: 'FAIL 0.00s', 5.0: 'FAIL 0.00s', 5.5: 'FAIL 0.00s', 6.0: 'PASS 64.47s', 6.5: 'PASS 60.89s', 7.0: 'PASS 55.56s', 7.5: 'PASS 52.33s', 8.0: 'PASS 50.40s', 8.5: 'PASS 48.66s', 9.0: 'PASS 47.34s', 9.5: 'PASS 46.50s', 10.0: 'PASS 45.77s', 10.5: 'FAIL 0.00s', 11.0: 'FAIL 0.00s', 11.5: 'FAIL 0.00s', 12.0: 'FAIL 0.00s', 12.5: 'FAIL 0.00s', 13.0: 'FAIL 0.00s', 13.5: 'FAIL 0.00s', 14.0: 'FAIL 0.00s', 14.5: 'FAIL 0.00s', 15.0: 'FAIL 0.00s', 15.5: 'FAIL 0.00s', 16.0: 'FAIL 0.00s', 16.5: 'FAIL 0.00s', 17.0: 'FAIL 0.00s', 17.5: 'FAIL 0.00s', 18.0: 'FAIL 0.00s', 18.5: 'FAIL 0.00s', 19.0: 'FAIL 0.00s', 19.5: 'FAIL 0.00s', 20.0: 'FAIL 0.00s'}","{3.0: 'FAIL', 3.5: 'FAIL', 4.0: 'FAIL', 4.5: 'FAIL', 5.0: 'FAIL', 5.5: 'FAIL', 6.0: 'PASS', 6.5: 'PASS', 7.0: 'PASS', 7.5: 'PASS', 8.0: 'PASS', 8.5: 'PASS', 9.0: 'PASS', 9.5: 'PASS', 10.0: 'PASS', 10.5: 'FAIL', 11.0: 'FAIL', 11.5: 'FAIL', 12.0: 'FAIL', 12.5: 'FAIL', 13.0: 'FAIL', 13.5: 'FAIL', 14.0: 'FAIL', 14.5: 'FAIL', 15.0: 'FAIL', 15.5: 'FAIL', 16.0: 'FAIL', 16.5: 'FAIL', 17.0: 'FAIL', 17.5: 'FAIL', 18.0: 'FAIL', 18.5: 'FAIL', 19.0: 'FAIL', 19.5: 'FAIL', 20.0: 'FAIL'}"
MPCAgent,YasMarina,FAIL,,"{3.0: 'FAIL 0.00s', 3.5: 'FAIL 0.00s', 4.0: 'FAIL 0.00s', 4.5: 'FAIL 0.00s', 5.0: 'FAIL 0.00s', 5.5: 'FAIL 0.00s', 6.0: 'FAIL 0.00s', 6.5: 'FAIL 0.00s', 7.0: 'FAIL 0.00s', 7.5: 'FAIL 0.00s', 8.0: 'FAIL 0.00s', 8.5: 'FAIL 0.00s', 9.0: 'FAIL 0.00s', 9.5: 'FAIL 0.00s', 10.0: 'FAIL 0.00s', 10.5: 'FAIL 0.00s', 11.0: 'FAIL 0.00s', 11.5: 'FAIL 0.00s', 12.0: 'FAIL 0.00s', 12.5: 'FAIL 0.00s', 13.0: 'FAIL 0.00s', 13.5: 'FAIL 0.00s', 14.0: 'FAIL 0.00s', 14.5: 'FAIL 0.00s', 15.0: 'FAIL 0.00s', 15.5: 'FAIL 0.00s', 16.0: 'FAIL 0.00s', 16.5: 'FAIL 0.00s', 17.0: 'FAIL 0.00s', 17.5: 'FAIL 0.00s', 18.0: 'FAIL 0.00s', 18.5: 'FAIL 0.00s', 19.0: 'FAIL 0.00s', 19.5: 'FAIL 0.00s', 20.0: 'FAIL 0.00s'}","{3.0: 'FAIL', 3.5: 'FAIL', 4.0: 'FAIL', 4.5: 'FAIL', 5.0: 'FAIL', 5.5: 'FAIL', 6.0: 'FAIL', 6.5: 'FAIL', 7.0: 'FAIL', 7.5: 'FAIL', 8.0: 'FAIL', 8.5: 'FAIL', 9.0: 'FAIL', 9.5: 'FAIL', 10.0: 'FAIL', 10.5: 'FAIL', 11.0: 'FAIL', 11.5: 'FAIL', 12.0: 'FAIL', 12.5: 'FAIL', 13.0: 'FAIL', 13.5: 'FAIL', 14.0: 'FAIL', 14.5: 'FAIL', 15.0: 'FAIL', 15.5: 'FAIL', 16.0: 'FAIL', 16.5: 'FAIL', 17.0: 'FAIL', 17.5: 'FAIL', 18.0: 'FAIL', 18.5: 'FAIL', 19.0: 'FAIL', 19.5: 'FAIL', 20.0: 'FAIL'}"
MPCAgent,Zandvoort,9.0,58.953,"{3.0: 'FAIL 0.00s', 3.5: 'FAIL 0.00s', 4.0: 'FAIL 0.00s', 4.5: 'FAIL 0.00s', 5.0: 'FAIL 0.00s', 5.5: 'FAIL 0.00s', 6.0: 'FAIL 0.00s', 6.5: 'FAIL 0.00s', 7.0: 'FAIL 0.00s', 7.5: 'PASS 63.94s', 8.0: 'PASS 62.48s', 8.5: 'PASS 60.17s', 9.0: 'PASS 58.95s', 9.5: 'FAIL 0.00s', 10.0: 'FAIL 0.00s', 10.5: 'FAIL 0.00s', 11.0: 'FAIL 0.00s', 11.5: 'FAIL 0.00s', 12.0: 'FAIL 0.00s', 12.5: 'FAIL 0.00s', 13.0: 'FAIL 0.00s', 13.5: 'FAIL 0.00s', 14.0: 'FAIL 0.00s', 14.5: 'FAIL 0.00s', 15.0: 'FAIL 0.00s', 15.5: 'FAIL 0.00s', 16.0: 'FAIL 0.00s', 16.5: 'FAIL 0.00s', 17.0: 'FAIL 0.00s', 17.5: 'FAIL 0.00s', 18.0: 'FAIL 0.00s', 18.5: 'FAIL 0.00s', 19.0: 'FAIL 0.00s', 19.5: 'FAIL 0.00s', 20.0: 'FAIL 0.00s'}","{3.0: 'FAIL', 3.5: 'FAIL', 4.0: 'FAIL', 4.5: 'FAIL', 5.0: 'FAIL', 5.5: 'FAIL', 6.0: 'FAIL', 6.5: 'FAIL', 7.0: 'FAIL', 7.5: 'PASS', 8.0: 'PASS', 8.5: 'PASS', 9.0: 'PASS', 9.5: 'FAIL', 10.0: 'FAIL', 10.5: 'FAIL', 11.0: 'FAIL', 11.5: 'FAIL', 12.0: 'FAIL', 12.5: 'FAIL', 13.0: 'FAIL', 13.5: 'FAIL', 14.0: 'FAIL', 14.5: 'FAIL', 15.0: 'FAIL', 15.5: 'FAIL', 16.0: 'FAIL', 16.5: 'FAIL', 17.0: 'FAIL', 17.5: 'FAIL', 18.0: 'FAIL', 18.5: 'FAIL', 19.0: 'FAIL', 19.5: 'FAIL', 20.0: 'FAIL'}"
